[{"name":"theme_info","theme_name":"Fastor","theme_author":"RoarTheme","theme_version":"4.6","theme_documentation_url":"http:\/\/docs.roartheme.com\/shopify\/fastor","theme_support_url":"https:\/\/roartheme.ticksy.com\/"},{"name":"Purchase Code","settings":[{"type":"text","id":"purchase_code","label":"Please click SAVE after put purchase code on this setting","info":"[How to get it](https:\/\/help.market.envato.com\/hc\/en-us\/articles\/202822600-Where-Is-My-Purchase-Code)"}]},{"name":"Revolution Slider","settings":[{"type":"checkbox","id":"revolution_slider_used","info":"To use Revolution Slider Sections in Home Page, please turn on this first.","label":"Enabled","default":false}]},{"name":"Logo and Favicon","settings":[{"type":"header","content":"Logo Image"},{"type":"image_picker","id":"main_logo"},{"type":"text","id":"logo_max_width","label":"Max Width (in pixels)"},{"type":"text","id":"mobile_logo_max_width","label":"Mobile Max Width (in pixels)"},{"type":"header","content":"Favicon (Normal Screen)"},{"type":"checkbox","id":"favicon","label":"Enabled"},{"type":"image","id":"favicon.png","max-width":16,"max-height":16,"label":"Upload 16x16 pixels PNG Image"},{"type":"header","content":"Favicon (Other Screens)"},{"type":"checkbox","id":"iphone_icon","label":"Apple iPhone (57x57 pixels)"},{"type":"image","id":"iphone_icon.png","max-width":57,"max-height":57},{"type":"checkbox","id":"iphone_icon_retina","label":"Apple iPhone Retina (114x114 pixels)"},{"type":"image","id":"iphone_icon_retina.png","max-width":114,"max-height":114},{"type":"checkbox","id":"ipad_icon","label":"Apple iPad Icon (72x72 pixels)"},{"type":"image","id":"ipad_icon.png","max-width":72,"max-height":72},{"type":"checkbox","id":"ipad_icon_retina","label":"Apple iPad Retina (144x144 pixels)"},{"type":"image","id":"ipad_icon_retina.png","max-width":144,"max-height":144}]},{"name":"Layout","settings":[{"type":"checkbox","id":"responsive_design","label":"Enabled Responsive?"},{"type":"select","id":"page_width","label":"Page Container Width","options":[{"value":"1","label":"Wide"},{"value":"2","label":"Standard"},{"value":"3","label":"Full Width"}]},{"type":"text","id":"max_width","label":"Max width (in pixels)"},{"type":"select","id":"spacing_between_columns","label":"Spacing Between Columns","options":[{"value":"1","label":"30 pixels"},{"value":"2","label":"20 pixels"}]},{"type":"select","id":"page_direction","label":"Page Direction","options":[{"value":"LTR","label":"Left To Right"},{"value":"RTL","label":"Right To Left"}]},{"type":"header","content":"Layouts"},{"type":"select","id":"main_layout","label":"Main","options":[{"value":"1","label":"Full Width"},{"value":"2","label":"Fixed"},{"value":"7","label":"Fixed Type 2"},{"value":"3","label":"Fixed With Shadow"},{"value":"4","label":"Fixed Without Background"},{"value":"5","label":"Fixed Without Background Type 2"},{"value":"6","label":"Fixed Without Background Type 3"}]},{"type":"select","id":"header_layout","label":"Header","options":[{"value":"1","label":"Full Width"},{"value":"2","label":"Fixed"},{"value":"3","label":"Fixed Type 2"},{"value":"4","label":"Fixed Type 3"}]},{"type":"select","id":"slideshow_layout","label":"Slider","options":[{"value":"1","label":"Full Width"},{"value":"2","label":"Fixed"},{"value":"3","label":"Fixed Type 2"},{"value":"4","label":"Fixed Type 3"}]},{"type":"select","id":"breadcrumb_layout","label":"Breadcrumb","options":[{"value":"1","label":"Full Width"},{"value":"2","label":"Fixed"},{"value":"3","label":"Fixed Type 2"},{"value":"4","label":"Fixed Type 3"}]},{"type":"select","id":"content_layout","label":"Content","options":[{"value":"1","label":"Full Width"},{"value":"2","label":"Fixed"},{"value":"3","label":"Fixed Type 2"},{"value":"4","label":"Fixed Type 3"}]},{"type":"select","id":"custom_footer_layout","label":"Preface Footer","options":[{"value":"1","label":"Full Width"},{"value":"2","label":"Fixed"},{"value":"3","label":"Fixed Type 2"},{"value":"4","label":"Fixed Type 3"}]},{"type":"select","id":"footer_layout","label":"Main Footer","options":[{"value":"1","label":"Full Width"},{"value":"2","label":"Fixed"},{"value":"3","label":"Fixed Type 2"},{"value":"4","label":"Fixed Type 3"}]},{"type":"select","id":"sidebar","label":"Sidebar","options":[{"value":"none","label":"None"},{"value":"left","label":"Left"},{"value":"right","label":"Right"}]}]},{"name":"Decoration","settings":[{"type":"header","content":"Seasonal Frame"},{"type":"select","id":"seasonal_frame","label":"Frame Skin","options":[{"value":"","label":"Off"},{"value":"frame1","label":"Christmas Wreath"},{"value":"frame2","label":"Christmas White Snowy"},{"value":"frame3","label":"Christmas Holly"},{"value":"frame4","label":"Christmas Ornaments"},{"value":"frame5","label":"Christmas Santa's Sack"},{"value":"frame6","label":"Christmas Iced Mistletoe"}],"default":""},{"type":"checkbox","id":"seasonal_frame_mobile","label":"Enable Frame on Mobile","default":false},{"type":"header","content":"Body Effect"},{"type":"select","id":"body_effect","label":"Effect","options":[{"value":"","label":"Off"},{"value":"snow","label":"Snow"}],"default":""},{"type":"select","id":"body_effect_placement","label":"Effect Placement","options":[{"value":"0","label":"Background"},{"value":"1","label":"Background & Banners"}],"default":"0"},{"type":"range","id":"body_effect_dark_level","label":"Effect Dark Level","min":0,"max":1,"step":0.1,"default":0},{"type":"header","content":"Body Ribbons"},{"type":"image_picker","id":"body_top_ribbon","label":"Top Ribbon"},{"type":"image_picker","id":"body_bottom_ribbon","label":"Bottom Ribbon"}]},{"name":"Font Presets","settings":[{"type":"header","content":"Heading Font","info":"(used in Site Title, Navigation, Heading...)"},{"type":"text","id":"heading_font","label":"Google Font Name [( ? )](https:\/\/youtu.be\/e9mThSD05cg):"},{"type":"header","content":"General Font","info":"(used in anywhere else)"},{"type":"text","id":"general_font","label":"Google Font Name [( ? )](https:\/\/youtu.be\/e9mThSD05cg):"},{"type":"header","content":"Special Font"},{"type":"text","id":"special_font","label":"Google Font Name [( ? )](https:\/\/youtu.be\/e9mThSD05cg):"}]},{"name":"Font » Body","settings":[{"type":"header","content":"Normal Type"},{"type":"select","id":"body_font_weight","label":"Font Weight","options":[{"value":"100","label":"100"},{"value":"200","label":"200"},{"value":"300","label":"300"},{"value":"400","label":"400"},{"value":"500","label":"500"},{"value":"600","label":"600"},{"value":"700","label":"700"},{"value":"800","label":"800"}]},{"type":"text","id":"body_line_height","label":"Line Height","default":"1.6"},{"type":"text","id":"body_font_size","label":"Font Size (in pixels)"},{"type":"header","content":"Small Type","info":"used in Welcome Text, Header Notice..."},{"type":"text","id":"body_font_size_sm","label":"Font Size (in pixels)"},{"type":"header","content":"Extra Small Type","info":"used in Footer Button, Cart Table Title..."},{"type":"text","id":"body_font_size_xs","label":"Font Size (in pixels)"},{"type":"select","id":"body_font_transform_xs","label":"Font Transform","options":[{"value":"none","label":"None"},{"value":"uppercase","label":"Uppercase"}]}]},{"name":"Font » Button","settings":[{"type":"select","id":"button_font","label":"Choose a Font Preset","options":[{"value":"1","label":"General Font"},{"value":"2","label":"Heading Font"},{"value":"3","label":"Special Font"}]},{"type":"text","id":"button_size","label":"Font Size (in pixels)"},{"type":"select","id":"button_weight","label":"Font Weight","options":[{"value":"100","label":"100"},{"value":"200","label":"200"},{"value":"300","label":"300"},{"value":"400","label":"400"},{"value":"500","label":"500"},{"value":"600","label":"600"},{"value":"700","label":"700"},{"value":"800","label":"800"}]},{"type":"text","id":"button_line_height","label":"Line Height"},{"type":"select","id":"button_transform","label":"Font Transform","options":[{"value":"none","label":"None"},{"value":"uppercase","label":"Uppercase"}]}]},{"name":"Font » Heading","settings":[{"type":"text","id":"heading_size","label":"Font Size (in pixels)"},{"type":"select","id":"heading_weight","label":"Font Weight","options":[{"value":"100","label":"100"},{"value":"200","label":"200"},{"value":"300","label":"300"},{"value":"400","label":"400"},{"value":"500","label":"500"},{"value":"600","label":"600"},{"value":"700","label":"700"},{"value":"800","label":"800"}]},{"type":"select","id":"heading_transform","label":"Font Transform","options":[{"value":"none","label":"None"},{"value":"uppercase","label":"Uppercase"}]}]},{"name":"Font » Price","settings":[{"type":"header","content":"General"},{"type":"select","id":"price_font","label":"Choose a Font Preset","options":[{"value":"1","label":"General Font"},{"value":"2","label":"Heading Font"},{"value":"3","label":"Special Font"}]},{"type":"text","id":"price_size_old","label":"Compare at Price Font Size (in pixels)"},{"type":"select","id":"price_weight","label":"Font Weight","options":[{"value":"100","label":"100"},{"value":"200","label":"200"},{"value":"300","label":"300"},{"value":"400","label":"400"},{"value":"500","label":"500"},{"value":"600","label":"600"},{"value":"700","label":"700"},{"value":"800","label":"800"}]},{"type":"header","content":"Large Style"},{"type":"text","id":"price_size","label":"Price Font Size (in pixels)"},{"type":"header","content":"Medium Style"},{"type":"text","id":"price_size_medium","label":"Price Font Size (in pixels)"},{"type":"header","content":"Small Style"},{"type":"text","id":"price_size_small","label":"Price Font Size (in pixels)"}]},{"name":"Font » Others","settings":[{"type":"header","content":"Page Name"},{"type":"text","id":"page_name_size","label":"Font Size (in pixels)"},{"type":"select","id":"page_name_weight","label":"Font Weight","options":[{"value":"100","label":"100"},{"value":"200","label":"200"},{"value":"300","label":"300"},{"value":"400","label":"400"},{"value":"500","label":"500"},{"value":"600","label":"600"},{"value":"700","label":"700"},{"value":"800","label":"800"}]},{"type":"select","id":"page_name_transform","label":"Font Transform","options":[{"value":"none","label":"None"},{"value":"capitalize","label":"Capitalize"},{"value":"uppercase","label":"Uppercase"}]},{"type":"header","content":"Menu Bar"},{"type":"select","id":"cat_bar_font","label":"Choose a Font Preset","options":[{"value":"","label":"Standard"},{"value":"1","label":"Heading"},{"value":"2","label":"General"},{"value":"3","label":"Special"}]},{"type":"text","id":"cat_bar_size","label":"Font Size (in pixels)"},{"type":"select","id":"cat_bar_weight","label":"Font Weight","options":[{"value":"100","label":"100"},{"value":"200","label":"200"},{"value":"300","label":"300"},{"value":"400","label":"400"},{"value":"500","label":"500"},{"value":"600","label":"600"},{"value":"700","label":"700"},{"value":"800","label":"800"}]},{"type":"text","id":"cat_bar_line_height","label":"Line Height"},{"type":"select","id":"cat_bar_transform","label":"Font Transform","options":[{"value":"none","label":"None"},{"value":"uppercase","label":"Uppercase"}]},{"type":"header","content":"Sub Menu Heading"},{"type":"select","id":"cat_submenu_head_font","label":"Choose a Font Preset","options":[{"value":"","label":"Standard"},{"value":"1","label":"Heading"},{"value":"2","label":"General"},{"value":"3","label":"Special"}]},{"type":"text","id":"cat_submenu_head_size","label":"Font Size (in pixels)"},{"type":"select","id":"cat_submenu_head_weight","label":"Font Weight","options":[{"value":"100","label":"100"},{"value":"200","label":"200"},{"value":"300","label":"300"},{"value":"400","label":"400"},{"value":"500","label":"500"},{"value":"600","label":"600"},{"value":"700","label":"700"},{"value":"800","label":"800"}]},{"type":"text","id":"cat_submenu_head_line_height","label":"Line Height"},{"type":"select","id":"cat_submenu_head_transform","label":"Font Transform","options":[{"value":"none","label":"None"},{"value":"uppercase","label":"Uppercase"}]},{"type":"header","content":"Categories Box Heading"},{"type":"select","id":"cat_box_head_font","label":"Choose a Font Preset","options":[{"value":"1","label":"General Font"},{"value":"2","label":"Heading Font"},{"value":"3","label":"Special Font"}]},{"type":"text","id":"cat_box_head_size","label":"Font Size (in pixels)"},{"type":"select","id":"cat_box_head_weight","label":"Font Weight","options":[{"value":"100","label":"100"},{"value":"200","label":"200"},{"value":"300","label":"300"},{"value":"400","label":"400"},{"value":"500","label":"500"},{"value":"600","label":"600"},{"value":"700","label":"700"},{"value":"800","label":"800"}]},{"type":"text","id":"cat_box_head_line_height","label":"Line Height"},{"type":"select","id":"cat_box_head_transform","label":"Font Transform","options":[{"value":"none","label":"None"},{"value":"uppercase","label":"Uppercase"}]},{"type":"header","content":"Categories Box Link"},{"type":"select","id":"cat_box_links_font","label":"Choose a Font Preset","options":[{"value":"1","label":"General Font"},{"value":"2","label":"Heading Font"},{"value":"3","label":"Special Font"}]},{"type":"text","id":"cat_box_links_size","label":"Font Size (in pixels)"},{"type":"select","id":"cat_box_links_weight","label":"Font Weight","options":[{"value":"100","label":"100"},{"value":"200","label":"200"},{"value":"300","label":"300"},{"value":"400","label":"400"},{"value":"500","label":"500"},{"value":"600","label":"600"},{"value":"700","label":"700"},{"value":"800","label":"800"}]},{"type":"text","id":"cat_box_links_line_height","label":"Line Height"},{"type":"select","id":"cat_box_links_transform","label":"Font Transform","options":[{"value":"none","label":"None"},{"value":"uppercase","label":"Uppercase"}]},{"type":"header","content":"Badges"},{"type":"text","id":"sale_size","label":"Font Size (in pixels)"},{"type":"select","id":"sale_weight","label":"Font Weight","options":[{"value":"100","label":"100"},{"value":"200","label":"200"},{"value":"300","label":"300"},{"value":"400","label":"400"},{"value":"500","label":"500"},{"value":"600","label":"600"},{"value":"700","label":"700"},{"value":"800","label":"800"}]},{"type":"text","id":"sale_line_height","label":"Line Height"},{"type":"select","id":"sale_transform","label":"Font Transform","options":[{"value":"none","label":"None"},{"value":"uppercase","label":"Uppercase"}]}]},{"name":"Font » Footer","settings":[{"type":"header","content":"General"},{"type":"text","id":"footer_size","label":"Font Size (in pixels)"},{"type":"select","id":"footer_weight","label":"Font Weight","options":[{"value":"100","label":"100"},{"value":"200","label":"200"},{"value":"300","label":"300"},{"value":"400","label":"400"},{"value":"500","label":"500"},{"value":"600","label":"600"},{"value":"700","label":"700"},{"value":"800","label":"800"}]},{"type":"select","id":"footer_transform","label":"Font Transform","options":[{"value":"none","label":"None"},{"value":"uppercase","label":"Uppercase"}]},{"type":"header","content":"Heading"},{"type":"text","id":"footer_heading_size","label":"Font Size (in pixels)"},{"type":"select","id":"footer_heading_weight","label":"Font Weight","options":[{"value":"100","label":"100"},{"value":"200","label":"200"},{"value":"300","label":"300"},{"value":"400","label":"400"},{"value":"500","label":"500"},{"value":"600","label":"600"},{"value":"700","label":"700"},{"value":"800","label":"800"}]},{"type":"select","id":"footer_heading_transform","label":"Font Transform","options":[{"value":"none","label":"None"},{"value":"uppercase","label":"Uppercase"}]}]},{"name":"Color » Body","settings":[{"type":"color","id":"body_font_text","label":"Text"},{"type":"color","id":"body_font_links","label":"Link"},{"type":"color","id":"body_font_links_hover","label":"Link Hover"},{"type":"color","id":"body_background_color","label":"Background"}]},{"name":"Color » Header","settings":[{"type":"header","content":"General"},{"type":"color","id":"hder_bc","label":"Background"},{"type":"header","content":"Header Type 11, 12, 14, 15, 20, 22, 25"},{"type":"color","id":"hder_type3_bder_bot_c","label":"Bottom Border"},{"type":"select","id":"hder_type3_bder_bot_thick","label":"Bottom Border Thick","options":[{"value":"1px","label":"1 pixel"},{"value":"2px","label":"2 pixels"}]},{"type":"header","content":"Header Type 11, 12, 13, 14, 22, 25, 27, 31 » Search"},{"type":"color","id":"hder_type3_search_bder_c","label":"Border"},{"type":"color","id":"hder_type3_search_bc","label":"Background"},{"type":"color","id":"hder_type3_search_icon_c","label":"Icon"},{"type":"color","id":"hder_type3_search_bderhvr_c","label":"Border Hover"},{"type":"color","id":"hder_type3_search_bghvr_c","label":"Background Hover"},{"type":"color","id":"hder_type3_search_iconhvr_c","label":"Icon Hover"},{"type":"header","content":"Header Type 8, 28 » Search"},{"type":"color","id":"hder_type12_search_bc","label":"Background"},{"type":"color","id":"hder_type12_search_icon_c","label":"Search Icon"},{"type":"color","id":"hder_type12_search_icon_bc","label":"Search Icon Background"},{"type":"color","id":"hder_type12_search_slect_c","label":"Select Text"},{"type":"color","id":"hder_type12_search_input_c","label":"Input Text"},{"type":"color","id":"hder_type12_search_input_bc","label":"Input Background"},{"type":"color","id":"hder_type12_search_input_fbg_c","label":"Input Background Focus"},{"type":"header","content":"Header Type 15, 20 » Search"},{"type":"color","id":"hder_type13_search_bc","label":"Background"},{"type":"color","id":"hder_type13_search_bder_c","label":"Border"},{"type":"color","id":"hder_type13_search_slect_c","label":"Select Text"},{"type":"color","id":"hder_type13_search_input_c","label":"Input Text"},{"type":"color","id":"hder_type13_search_icon_bc","label":"Icon Background"},{"type":"color","id":"hder_type13_search_iconhvr_bc","label":"Icon Background Hover"},{"type":"color","id":"hder_type13_search_icon_c","label":"Icon Text"},{"type":"color","id":"hder_type13_search_iconhvr_c","label":"Icon Text Hover"},{"type":"header","content":"Header Type 17 » Logo"},{"type":"color","id":"hder_type15_logo_bc","label":"Background"},{"type":"header","content":"Header Type 30"},{"type":"color","id":"hder_type30_cartblock_bc","label":"Cart Block Background Color","default":"#1C4BAC"}]},{"name":"Color » Header » Top Bar","settings":[{"type":"header","content":"General"},{"type":"color","id":"tbar_bc","label":"Background"},{"type":"color","id":"tbar_bder_bot1px_c","label":"Bottom Border"},{"type":"header","content":"Welcome Text"},{"type":"color","id":"tbar_welcome_c","label":"Text"},{"type":"color","id":"tbar_welcome_link_c","label":"Link"}]},{"name":"Color » Header » Top Area","settings":[{"type":"header","content":"General"},{"type":"color","id":"top_bc","label":"Background"},{"type":"color","id":"top_bder_bot_c","label":"Bottom Border"},{"type":"select","id":"top_bder_bot_thick","label":"Bottom Border Thick","options":[{"value":"1px","label":"1 pixel"},{"value":"2px","label":"2 pixels"},{"value":"4px","label":"4 pixels"}]},{"type":"header","content":"Menu"},{"type":"color","id":"top_menu_link_c","label":"Link"},{"type":"color","id":"top_menu_linkhvr_c","label":"Link Hover"},{"type":"header","content":"Search"},{"type":"color","id":"top_search_input_bc","label":"Input Background"},{"type":"color","id":"top_search_input_fbg_c","label":"Input Background Focus"},{"type":"color","id":"top_search_input_bder_c","label":"Input Border"},{"type":"color","id":"top_search_input_fbder_c","label":"Input Border Focus"},{"type":"color","id":"top_search_input_c","label":"Input Text"},{"type":"color","id":"top_search_icon_c","label":"Icon"},{"type":"header","content":"Currency"},{"type":"color","id":"top_currency_c","label":"Text"},{"type":"color","id":"top_currency_bl_c","label":"Bullet"},{"type":"color","id":"top_currency_hvr_c","label":"Text Hover"},{"type":"color","id":"top_currency_blhvr_c","label":"Bullet Hover"},{"type":"header","content":"My Wishlist"},{"type":"color","id":"top_wl_bder_c","label":"Border"},{"type":"color","id":"top_wl_bc","label":"Background"},{"type":"color","id":"top_wl_icon_c","label":"Icon"},{"type":"color","id":"top_wl_bderhvr_c","label":"Border Hover"},{"type":"color","id":"top_wl_bghvr_c","label":"Background Hover"},{"type":"color","id":"top_wl_iconhvr_c","label":"Icon Hover"},{"type":"header","content":"My Account"},{"type":"color","id":"top_acc_bder_c","label":"Border"},{"type":"color","id":"top_acc_bc","label":"Background"},{"type":"color","id":"top_acc_icon_c","label":"Icon"},{"type":"color","id":"top_acc_bderhvr_c","label":"Border Hover"},{"type":"color","id":"top_acc_bghvr_c","label":"Background Hover"},{"type":"color","id":"top_acc_iconhvr_c","label":"Icon Hover"},{"type":"header","content":"Cart"},{"type":"color","id":"top_cart_icon_bder_c","label":"Icon Border"},{"type":"color","id":"top_cart_icon_c","label":"Icon"},{"type":"color","id":"top_cart_icon_hc","label":"Icon Hover"},{"type":"color","id":"top_cart_icon_bc","label":"Icon Background"},{"type":"color","id":"top_cart_amount_c","label":"Quantity"},{"type":"color","id":"top_cart_amount_bc","label":"Quantity Background"},{"type":"color","id":"top_cart_price_c","label":"Price"},{"type":"color","id":"top_cart_bl_c","label":"Bullet"},{"type":"header","content":"Cart Hover"},{"type":"color","id":"top_cart_hvr_icon_bder_c","label":"Icon Border"},{"type":"color","id":"top_cart_hvr_icon_bc","label":"Icon Background"},{"type":"color","id":"top_cart_hvr_amount_c","label":"Quantity"},{"type":"color","id":"top_cart_hvr_amount_bc","label":"Quantity Background"},{"type":"color","id":"top_cart_hvr_price_c","label":"Price"},{"type":"color","id":"top_cart_hvr_bl_c","label":"Bullet"}]},{"name":"Color » Header » Menu","settings":[{"type":"checkbox","id":"menu_noborder","label":"Top border","default":true},{"type":"color","id":"menu_bc","label":"Background"},{"type":"color","id":"menu_mainlink_c","label":"Main Link"},{"type":"color","id":"menu_mainlink_bl_c","label":"Main Link Bullet"},{"type":"color","id":"menu_mainlinkhvr_c","label":"Main Link Hover"},{"type":"color","id":"menu_mainlink_blhvr_c","label":"Main Links Bullet Hover"},{"type":"header","content":"Link on Right"},{"type":"color","id":"menu_lpr_c","label":"Text"},{"type":"color","id":"menu_lpr_bc","label":"Background"},{"type":"header","content":"Vertical Menu"},{"type":"color","id":"menu_ver_head_c","label":"Heading Text"},{"type":"color","id":"menu_ver_head_bl_c","label":"Heading Bullet"},{"type":"color","id":"menu_ver_head_bc","label":"Heading Background"},{"type":"color","id":"menu_ver_headhvr_c","label":"Heading Hover Text"},{"type":"color","id":"menu_ver_headhvr_bl_c","label":"Heading Hover Bullet"},{"type":"color","id":"menu_ver_headhvr_bc","label":"Heading Hover Background"},{"type":"color","id":"menu_ver_cont_bc","label":"Content Background"},{"type":"color","id":"menu_ver_cont_bder_c","label":"Content Border"},{"type":"select","id":"menu_ver_cont_bder_thick","label":"Content Border Thick","options":[{"value":"1px","label":"1 pixel"},{"value":"2px","label":"2 pixels"}]},{"type":"color","id":"menu_ver_cont_link_c","label":"Content Link"},{"type":"color","id":"menu_ver_cont_link_bder_top_c","label":"Content Link Border Top"},{"type":"color","id":"menu_ver_cont_linkhvr_c","label":"Content Links Hover"},{"type":"color","id":"menu_ver_cont_linkhvr_bc","label":"Content Links Hover Background"},{"type":"color","id":"menu_ver_cont_bl_c","label":"Content Bullet"},{"type":"color","id":"menu_ver_cont_blhvr_c","label":"Content Bullet Hover"},{"type":"header","content":"Sub Menu"},{"type":"color","id":"menu_sub_bc","label":"Background"},{"type":"color","id":"menu_sub_c","label":"Text"},{"type":"color","id":"menu_sub_link_c","label":"Link"},{"type":"color","id":"menu_sub_linkhvr_c","label":"Link Hover"},{"type":"color","id":"menu_sub_bl_c","label":"Bullet"},{"type":"color","id":"menu_sub_blhvr_c","label":"Bullet Hover"},{"type":"color","id":"menu_sub_mainlink_in_visibletype_c","label":"Main Link in Visible Type"},{"type":"color","id":"menu_sub_mainlinkhvr_in_visibletype_c","label":"Main Link in Visible Type Hover"},{"type":"color","id":"menu_sub_mainlinkhvr_in_visibletype_bder_bot_c","label":"Main Link in Visible Type Bottom Border "},{"type":"header","content":"Mobile » Heading"},{"type":"color","id":"menu_mobile_head_bc","label":"Heading bground"},{"type":"color","id":"menu_mobile_head_c","label":"Heading text"},{"type":"color","id":"menu_mobile_head_bl_c","label":"Heading bullet"},{"type":"header","content":"Mobile » Heading Hover"},{"type":"color","id":"menu_mobile_headhvr_bc","label":"Heading Background"},{"type":"color","id":"menu_mobile_headhvr_c","label":"Heading Text"},{"type":"color","id":"menu_mobile_headhvr_bl_c","label":"Heading Bullet"},{"type":"header","content":"Mobile » Content"},{"type":"color","id":"menu_mobile_cont_bc","label":"Background"},{"type":"color","id":"menu_mobile_cont_bder_c","label":"Border"},{"type":"color","id":"menu_mobile_cont_link_c","label":"Link"},{"type":"color","id":"menu_mobile_cont_linkactive_c","label":"Link Active"},{"type":"color","id":"menu_mobile_cont_link_bder_top_c","label":"Link Border Top"},{"type":"color","id":"menu_mobile_cont_linkhvr_bc","label":"Link Hover Background"},{"type":"color","id":"menu_mobile_cont_toggle_c","label":"Plus\/Minus Indicator"},{"type":"header","content":"Horizontal Type 2 (Flowers Demo)"},{"type":"color","id":"menu_hortype2_bc","label":"Background"},{"type":"color","id":"menu_hortype2_link_c","label":"Link"},{"type":"color","id":"menu_hortype2_bl_c","label":"Bullet"},{"type":"color","id":"menu_hortype2_linkhvr_c","label":"Link Hover"},{"type":"color","id":"menu_hortype2_blhvr_c","label":"Bullet Hover"}]},{"name":"Color » Slider","settings":[{"type":"header","content":"General"},{"type":"color","id":"slider_bg_color","label":"Background"},{"type":"color","id":"slider_loader_bg_color","label":"Loader Background"},{"type":"header","content":"Border Bottom"},{"type":"range","id":"slider_bder_bot_height","label":"Height","min":0,"max":4,"default":0},{"type":"color","id":"slider_bder_bot_color","label":"Color"},{"type":"header","content":"Navigation"},{"type":"color","id":"slider_nav_bg_color","label":"Background"},{"type":"color","id":"slider_nav_border_color","label":"Border"},{"type":"color","id":"slider_nav_icon_color","label":"Icon"},{"type":"header","content":"Navigation Hover"},{"type":"color","id":"slider_navhvr_bg_color","label":"Background"},{"type":"color","id":"slider_navhvr_border_color","label":"Border"},{"type":"color","id":"slider_navhvr_icon_color","label":"Icon"},{"type":"header","content":"CTA Button"},{"type":"color","id":"slider_cta_bc","label":"Background"},{"type":"color","id":"slider_cta_bder_c","label":"Border"},{"type":"color","id":"slider_cta_c","label":"Text"},{"type":"header","content":"CTA Button Hover"},{"type":"color","id":"slider_ctahvr_bc","label":"Background"},{"type":"color","id":"slider_ctahvr_bder_c","label":"Border"},{"type":"color","id":"slider_ctahvr_c","label":"Text"}]},{"name":"Color » Main Content","settings":[{"type":"color","id":"main_background_color","label":"Background","default":"#ffffff"},{"type":"color","id":"main_border_color","label":"Border"},{"type":"color","id":"main_heading_border_color","label":"Heading Border Bottom"}]},{"name":"Color » Inputs","settings":[{"type":"header","content":"Primary Button"},{"type":"color","id":"button_text_color","label":"Text"},{"type":"color","id":"button_border_color","label":"Border"},{"type":"color","id":"button_background_color","label":"Background"},{"type":"header","content":"Primary Button Hover"},{"type":"color","id":"button_hover_text_color","label":"Text"},{"type":"color","id":"button_hover_border_color","label":"Border"},{"type":"color","id":"button_hover_background_color","label":"Background"},{"type":"header","content":"Secondary Button"},{"type":"color","id":"button2_text_color","label":"Text"},{"type":"color","id":"button2_border_color","label":"Border"},{"type":"color","id":"button2_background_color","label":"Background"},{"type":"header","content":"Secondary Button Hover"},{"type":"color","id":"button2_hover_text_color","label":"Text"},{"type":"color","id":"button2_hover_border_color","label":"Border"},{"type":"color","id":"button2_hover_background_color","label":"Background"},{"type":"header","content":"Dynamic Checkout"},{"type":"color","id":"dynamic_btn_color","label":"Color"},{"type":"color","id":"dynamic_btn_bg","label":"Background Color"},{"type":"color","id":"dynamic_btn_hv_color","label":"Hover Color"},{"type":"color","id":"dynamic_btn_hv_bg","label":"Hover Background Color"},{"type":"header","content":"Text Box"},{"type":"color","id":"input_background_color","label":"Background"},{"type":"color","id":"input_background_focus_color","label":"Background Focus"},{"type":"color","id":"input_border_color","label":"Border"},{"type":"color","id":"input_border_focus_color","label":"Border Focus"},{"type":"color","id":"input_text_color","label":"Text"},{"type":"header","content":"Select Box"},{"type":"color","id":"select_background_color","label":"Background"},{"type":"color","id":"select_border_color","label":"Border"},{"type":"color","id":"select_text_color","label":"Text"},{"type":"color","id":"select_arrow_color","label":"Arrow"},{"type":"header","content":"Tabs"},{"type":"color","id":"tab_link_active","label":"Link Active"},{"type":"color","id":"tab_link_active_border_bottom_color","label":"Link Active Border Bottom"},{"type":"color","id":"tab_links_color","label":"Link"}]},{"name":"Color » Breadcrumb","settings":[{"type":"color","id":"breadcrumb_background_color","label":"Background"},{"type":"select","id":"breadcrumb_border_bottom_width","label":"Border Bottom Thick","options":[{"value":"1px","label":"1 pixel"},{"value":"4px","label":"4 pixels"}]},{"type":"color","id":"breadcrumb_border_bottom_color","label":"Border Bottom"},{"type":"color","id":"breadcrumb_border_top_color","label":"Border Top"},{"type":"color","id":"breadcrumb_heading_color","label":"Heading"},{"type":"color","id":"breadcrumb_heading_border_bottom_color","label":"Heading Border Bottom"},{"type":"color","id":"breadcrumb_links_color","label":"Link"},{"type":"color","id":"breadcrumb_links_hover_color","label":"Link Hover"},{"type":"color","id":"breadcrumb_price_color","label":"Price"},{"type":"header","content":"Next\/Prev Button"},{"type":"color","id":"breadcrumb_button_bg","label":"Background "},{"type":"color","id":"breadcrumb_button_border","label":"Border"},{"type":"color","id":"breadcrumb_button_text","label":"Text"},{"type":"header","content":"Next\/Prev Button Hover"},{"type":"color","id":"breadcrumb_button_hvr_bg","label":"Background "},{"type":"color","id":"breadcrumb_button_hvr_border","label":"Border"},{"type":"color","id":"breadcrumb_button_hvr_text","label":"Text"}]},{"name":"Color » Box","settings":[{"type":"header","content":"Heading"},{"type":"color","id":"box_head_bg","label":"Background"},{"type":"color","id":"box_head_text","label":"Text"},{"type":"color","id":"box_head_border","label":"Border Bottom "},{"type":"header","content":"Content"},{"type":"color","id":"box_bg","label":"Background"},{"type":"color","id":"box_text","label":"Text"},{"type":"color","id":"box_links","label":"Link"},{"type":"header","content":"Next\/Prev Button"},{"type":"color","id":"box_btn_bg","label":"Background"},{"type":"color","id":"box_btn_text","label":"Text"},{"type":"color","id":"box_btn_border","label":"Border"},{"type":"header","content":"Next\/Prev Button Hover"},{"type":"color","id":"box_btn_hover_bg","label":"Background"},{"type":"color","id":"box_btn_hover_text","label":"Text"},{"type":"color","id":"box_btn_hover_border","label":"Border"}]},{"name":"Color » Box on Sides","settings":[{"type":"header","content":"Heading"},{"type":"color","id":"box_sb_head_bg","label":"Background"},{"type":"color","id":"box_sb_head_text","label":"Text"},{"type":"color","id":"box_sb_head_border","label":"Border Bottom "},{"type":"header","content":"Content"},{"type":"color","id":"box_sb_bg","label":"Background"},{"type":"select","id":"box_sb_border","label":"Border Thick","options":[{"value":"0px","label":"0"},{"value":"1px","label":"1 pixel"},{"value":"2px","label":"2 pixels"}]},{"type":"color","id":"box_sb_border_color","label":"Border"},{"type":"color","id":"box_sb_text","label":"Text"},{"type":"color","id":"box_sb_links","label":"Link"},{"type":"color","id":"box_sb_links_hover","label":"Link Hover"}]},{"name":"Color » Box with Products","settings":[{"type":"color","id":"box_product_bg","label":"Background"},{"type":"color","id":"box_product_border","label":"Border"},{"type":"color","id":"box_product_text","label":"Text"},{"type":"color","id":"box_product_link","label":"Link"},{"type":"color","id":"box_product_link_hover","label":"Link Hover"},{"type":"color","id":"box_product_heading","label":"Heading"},{"type":"color","id":"box_product_heading_border","label":"Heading Border Bottom"}]},{"name":"Color » Categories Box","settings":[{"type":"header","content":"Heading"},{"type":"color","id":"box_cat_head_bg","label":"Background"},{"type":"color","id":"box_cat_head_text","label":"Text"},{"type":"header","content":"Content"},{"type":"color","id":"box_cat_bg","label":"Background"},{"type":"select","id":"box_cat_border","label":"Border Thick","options":[{"value":"0px","label":"0"},{"value":"1px","label":"1 pixel"},{"value":"2px","label":"2 pixels"}]},{"type":"color","id":"box_cat_border_color","label":"Border"},{"type":"color","id":"box_cat_link_border","label":"Link Border Top"},{"type":"color","id":"box_cat_links","label":"Link"},{"type":"color","id":"box_cat_links_hover","label":"Link Hover"},{"type":"color","id":"box_cat_links_active","label":"Link Active"},{"type":"color","id":"box_cat_links_hover_bg","label":"Link Background Hover"}]},{"name":"Color » Categories Wall","settings":[{"type":"header","content":"Heading"},{"type":"color","id":"catwall_head_border_bot","label":"Border Bottom"},{"type":"header","content":"Button"},{"type":"color","id":"catwall_bt_bg","label":"Background"},{"type":"color","id":"catwall_bt_border","label":"Border"},{"type":"color","id":"catwall_bt_text","label":"Text"},{"type":"header","content":"Button Hover"},{"type":"color","id":"catwall_bt_hover_bg","label":"Background"},{"type":"color","id":"catwall_bt_hover_border","label":"Border"},{"type":"color","id":"catwall_bt_hover_text","label":"Text"}]},{"name":"Color » Product","settings":[{"type":"header","content":"General"},{"type":"color","id":"product_price_range","label":"Price Range"},{"type":"color","id":"product_price_text","label":"Price"},{"type":"header","content":"Product Page"},{"type":"color","id":"product_price_old_text2","label":"Compare at Price"},{"type":"color","id":"product_price_old_text","label":"Compare at Price"},{"type":"color","id":"product_hover_border_color","label":"Border Hover"},{"type":"header","content":"Product Item Buttons"},{"type":"color","id":"product_button_background","label":"Background"},{"type":"color","id":"product_button_border","label":"Border"},{"type":"color","id":"product_button_color","label":"Icon"},{"type":"header","content":"Product Item Buttons Hover"},{"type":"color","id":"product_button_hover_background","label":"Background"},{"type":"color","id":"product_button_hover_border","label":"Border"},{"type":"color","id":"product_button_hover_color","label":"Icon"}]},{"name":"Color » Badges","settings":[{"type":"header","content":"Sale Badge"},{"type":"color","id":"sale_color_text","label":"Text"},{"type":"color","id":"sale_border_color","label":"Border"},{"type":"color","id":"sale_background_color","label":"Background"},{"type":"header","content":"New Badge"},{"type":"color","id":"new_color_text","label":"Text"},{"type":"color","id":"new_border_color","label":"Border"},{"type":"color","id":"new_background_color","label":"Background"}]},{"name":"Color » Footer","settings":[{"type":"header","content":"Preface Footer"},{"type":"color","id":"customfooter_text_color","label":"Text"},{"type":"color","id":"customfooter_links_color","label":"Link"},{"type":"color","id":"customfooter_links_hover_color","label":"Link Hover"},{"type":"color","id":"customfooter_background_color","label":"Background"},{"type":"color","id":"customfooter_border_color","label":"Border"},{"type":"header","content":"Main Footer"},{"type":"color","id":"footer_text_color","label":"Text"},{"type":"color","id":"footer_links_color","label":"Link"},{"type":"color","id":"footer_links_hover_color","label":"Link Hover"},{"type":"color","id":"footer_heading_color","label":"Heading"},{"type":"color","id":"footer_heading_border_bottom_color","label":"Heading Border Bottom"},{"type":"color","id":"footer_background_color","label":"Background"},{"type":"color","id":"footer_border_color","label":"Border"},{"type":"color","id":"footer_button_text_color","label":"Button Text"},{"type":"color","id":"footer_button_background_color","label":"Button Background"},{"type":"color","id":"footer_button_hover_text_color","label":"Button Text Hover"},{"type":"color","id":"footer_button_hover_background_color","label":"Button Background Hover"},{"type":"color","id":"footer_social_color","label":"Social Icon"},{"type":"color","id":"footer_social_hover_color","label":"Social Icon Hover"},{"type":"header","content":"Newsletter Footer"},{"type":"color","id":"footer_newsletter_input_color","label":"Input Color"},{"type":"color","id":"footer_newsletter_input_bg","label":"Input Background"},{"type":"color","id":"footer_newsletter_input_bd","label":"Input Border"}]},{"name":"Color » Blog","settings":[{"type":"header","content":"Date"},{"type":"color","id":"blog_date","label":"Text"},{"type":"header","content":"Tag"},{"type":"color","id":"blog_tag_c","label":"Text"},{"type":"color","id":"blog_tag_bc","label":"Background"},{"type":"header","content":"Tag Hover"},{"type":"color","id":"blog_tag_hvr_c","label":"Text"},{"type":"color","id":"blog_tag_hvr_bc","label":"Background"}]},{"name":"Color » Others","settings":[{"type":"header","content":"Testimonials"},{"type":"color","id":"testi_tit_c","label":"Title"},{"type":"header","content":"Mobile Toolbar"},{"type":"color","id":"mb_toolbar_color","label":"Text"},{"type":"color","id":"mb_toolbar_bg","label":"Background"},{"type":"color","id":"mb_toolbar_cart_color","label":"Add To Cart"},{"type":"color","id":"mb_toolbar_cart_bg","label":"Add To Cart Background"},{"type":"header","content":"Mega Menu Using Linklist"},{"type":"color","id":"megamenu_badge_text_color","label":"Label Text"},{"type":"color","id":"megamenu_badge_bg_color","label":"Label Background"}]},{"name":"Background » Body","settings":[{"type":"header","content":"Layer 1"},{"type":"select","id":"body_background_background","label":"Background","options":[{"value":"0","label":"None"},{"value":"1","label":"Image"}]},{"type":"image","id":"body_background.png","label":"Upload an Image"},{"type":"select","id":"body_background_position","label":"Position to Start","options":[{"value":"top left","label":"Top Left"},{"value":"top center","label":"Top Center"},{"value":"top right","label":"Top Right"},{"value":"bottom left","label":"Bottom Left"},{"value":"bottom center","label":"Bottom Center"},{"value":"bottom right","label":"Bottom Right"},{"value":"center center","label":"Center Center"}]},{"type":"select","id":"body_background_repeat","label":"Repeat","options":[{"value":"no-repeat","label":"None"},{"value":"repeat-x","label":"Horizontally"},{"value":"repeat-y","label":"Vertically"},{"value":"repeat","label":"Vertically & Horizontally"}]},{"type":"select","id":"body_background_attachment","label":"Attachment","options":[{"value":"scroll","label":"Scroll"},{"value":"fixed","label":"Fixed"}]},{"type":"header","content":"Layer 2"},{"type":"select","id":"body2_background_background","label":"Background","options":[{"value":"0","label":"None"},{"value":"1","label":"Image"}]},{"type":"image","id":"body2_background.png","label":"Upload an Image"},{"type":"select","id":"body2_background_position","label":"Position to Start","options":[{"value":"top left","label":"Top Left"},{"value":"top center","label":"Top Center"},{"value":"top right","label":"Top Right"},{"value":"bottom left","label":"Bottom Left"},{"value":"bottom center","label":"Bottom Center"},{"value":"bottom right","label":"Bottom Right"},{"value":"center center","label":"Center Center"}]},{"type":"select","id":"body2_background_repeat","label":"Repeat","options":[{"value":"no-repeat","label":"None"},{"value":"repeat-x","label":"Horizontally"},{"value":"repeat-y","label":"Vertically"},{"value":"repeat","label":"Vertically & Horizontally"}]},{"type":"select","id":"body2_background_attachment","label":"Attachment","options":[{"value":"scroll","label":"Scroll"},{"value":"fixed","label":"Fixed"}]},{"type":"header","content":"Layer 3"},{"type":"select","id":"body3_background_background","label":"Background","options":[{"value":"0","label":"None"},{"value":"1","label":"Image"}]},{"type":"image","id":"body3_background.png","label":"Upload an Image"},{"type":"select","id":"body3_background_position","label":"Position to Start","options":[{"value":"top left","label":"Top Left"},{"value":"top center","label":"Top Center"},{"value":"top right","label":"Top Right"},{"value":"bottom left","label":"Bottom Left"},{"value":"bottom center","label":"Bottom Center"},{"value":"bottom right","label":"Bottom Right"},{"value":"center center","label":"Center Center"}]},{"type":"select","id":"body3_background_repeat","label":"Repeat","options":[{"value":"no-repeat","label":"None"},{"value":"repeat-x","label":"Horizontally"},{"value":"repeat-y","label":"Vertically"},{"value":"repeat","label":"Vertically & Horizontally"}]},{"type":"select","id":"body3_background_attachment","label":"Attachment","options":[{"value":"scroll","label":"Scroll"},{"value":"fixed","label":"Fixed"}]}]},{"name":"Background » Header","settings":[{"type":"header","content":"General"},{"type":"select","id":"header_bg_img","label":"Background","options":[{"value":"0","label":"Default"},{"value":"1","label":"None"},{"value":"2","label":"Image"}]},{"type":"image","id":"header_bg.png","label":"Custom Image"},{"type":"select","id":"header_bg_pos","label":"Position to Start","options":[{"value":"top left","label":"Top Left"},{"value":"top center","label":"Top Center"},{"value":"top right","label":"Top Right"},{"value":"bottom left","label":"Bottom Left"},{"value":"bottom center","label":"Bottom Center"},{"value":"bottom right","label":"Bottom Right"},{"value":"center center","label":"Center Center"}]},{"type":"select","id":"header_bg_repeat","label":"Repeat","options":[{"value":"no-repeat","label":"None"},{"value":"repeat-x","label":"Horizontally"},{"value":"repeat-y","label":"Vertically"},{"value":"repeat","label":"Vertically & Horizontally"}]},{"type":"select","id":"header_bg_attach","label":"Attachment","options":[{"value":"scroll","label":"Scroll"},{"value":"fixed","label":"Fixed"}]},{"type":"header","content":"Top Bar"},{"type":"select","id":"topbar_bg_img","label":"Background","options":[{"value":"0","label":"Default"},{"value":"1","label":"None"},{"value":"2","label":"Image"}]},{"type":"image","id":"topbar_bg.png","label":"Custom Image"},{"type":"select","id":"topbar_bg_pos","label":"Position to Start","options":[{"value":"top left","label":"Top Left"},{"value":"top center","label":"Top Center"},{"value":"top right","label":"Top Right"},{"value":"bottom left","label":"Bottom Left"},{"value":"bottom center","label":"Bottom Center"},{"value":"bottom right","label":"Bottom Right"},{"value":"center center","label":"Center Center"}]},{"type":"select","id":"topbar_bg_repeat","label":"Repeat","options":[{"value":"no-repeat","label":"None"},{"value":"repeat-x","label":"Horizontally"},{"value":"repeat-y","label":"Vertically"},{"value":"repeat","label":"Vertically & Horizontally"}]},{"type":"select","id":"topbar_bg_attach","label":"Attachment","options":[{"value":"scroll","label":"Scroll"},{"value":"fixed","label":"Fixed"}]},{"type":"header","content":"Top Area"},{"type":"select","id":"top_bg_img","label":"Background","options":[{"value":"0","label":"Default"},{"value":"1","label":"None"},{"value":"2","label":"Image"}]},{"type":"image","id":"top_bg.png","label":"Custom Image"},{"type":"select","id":"top_bg_pos","label":"Position to Start","options":[{"value":"top left","label":"Top Left"},{"value":"top center","label":"Top Center"},{"value":"top right","label":"Top Right"},{"value":"bottom left","label":"Bottom Left"},{"value":"bottom center","label":"Bottom Center"},{"value":"bottom right","label":"Bottom Right"},{"value":"center center","label":"Center Center"}]},{"type":"select","id":"top_bg_repeat","label":"Repeat","options":[{"value":"no-repeat","label":"None"},{"value":"repeat-x","label":"Horizontally"},{"value":"repeat-y","label":"Vertically"},{"value":"repeat","label":"Vertically & Horizontally"}]},{"type":"select","id":"top_bg_attach","label":"Attachment","options":[{"value":"scroll","label":"Scroll"},{"value":"fixed","label":"Fixed"}]},{"type":"header","content":"Main Menu"},{"type":"select","id":"menu_bg_img","label":"Background","options":[{"value":"0","label":"Default"},{"value":"1","label":"None"},{"value":"2","label":"Image"}]},{"type":"image","id":"menu_bg.png","label":"Custom Image"},{"type":"select","id":"menu_bg_pos","label":"Position to Start","options":[{"value":"top left","label":"Top Left"},{"value":"top center","label":"Top Center"},{"value":"top right","label":"Top Right"},{"value":"bottom left","label":"Bottom Left"},{"value":"bottom center","label":"Bottom Center"},{"value":"bottom right","label":"Bottom Right"},{"value":"center center","label":"Center Center"}]},{"type":"select","id":"menu_bg_repeat","label":"Repeat","options":[{"value":"no-repeat","label":"None"},{"value":"repeat-x","label":"Horizontally"},{"value":"repeat-y","label":"Vertically"},{"value":"repeat","label":"Vertically & Horizontally"}]},{"type":"select","id":"menu_bg_attach","label":"Attachment","options":[{"value":"scroll","label":"Scroll"},{"value":"fixed","label":"Fixed"}]},{"type":"header","content":"Mobile Navigation"},{"type":"checkbox","id":"menu_mobile_nav_use","label":"Use Background Image"},{"type":"image","id":"menu_mobile_nav_bg.png","label":"Custom Image"}]},{"name":"Background » Slideshow","settings":[{"type":"select","id":"slideshow_bg_img","label":"Background","options":[{"value":"0","label":"Default"},{"value":"1","label":"None"},{"value":"2","label":"Image"}]},{"type":"image","id":"slideshow_bg.png","label":"Custom Image"},{"type":"select","id":"slideshow_bg_pos","label":"Position to Start","options":[{"value":"top left","label":"Top Left"},{"value":"top center","label":"Top Center"},{"value":"top right","label":"Top Right"},{"value":"bottom left","label":"Bottom Left"},{"value":"bottom center","label":"Bottom Center"},{"value":"bottom right","label":"Bottom Right"},{"value":"center center","label":"Center Center"}]},{"type":"select","id":"slideshow_bg_repeat","label":"Repeat","options":[{"value":"no-repeat","label":"None"},{"value":"repeat-x","label":"Horizontally"},{"value":"repeat-y","label":"Vertically"},{"value":"repeat","label":"Vertically & Horizontally"}]},{"type":"select","id":"slideshow_bg_attach","label":"Attachment","options":[{"value":"scroll","label":"Scroll"},{"value":"fixed","label":"Fixed"}]}]},{"name":"Background » Footer","settings":[{"type":"header","content":"Preface Footer"},{"type":"select","id":"custom_footer_background_background","label":"Background","options":[{"value":"0","label":"Default"},{"value":"1","label":"None"},{"value":"2","label":"Image"}]},{"type":"image","id":"custom_footer_background.png","label":"Upload an Image"},{"type":"select","id":"custom_footer_background_position","label":"Position to Start","options":[{"value":"top left","label":"Top Left"},{"value":"top center","label":"Top Center"},{"value":"top right","label":"Top Right"},{"value":"bottom left","label":"Bottom Left"},{"value":"bottom center","label":"Bottom Center"},{"value":"bottom right","label":"Bottom Right"},{"value":"center center","label":"Center Center"}]},{"type":"select","id":"custom_footer_background_repeat","label":"Repeat","options":[{"value":"no-repeat","label":"None"},{"value":"repeat-x","label":"Horizontally"},{"value":"repeat-y","label":"Vertically"},{"value":"repeat","label":"Vertically & Horizontally"}]},{"type":"select","id":"custom_footer_background_attachment","label":"Attachment","options":[{"value":"scroll","label":"Scroll"},{"value":"fixed","label":"Fixed"}]},{"type":"header","content":"Main Footer"},{"type":"select","id":"footer_background_background","label":"Background","options":[{"value":"0","label":"None"},{"value":"1","label":"Image"}]},{"type":"image","id":"footer_background.png","label":"Upload an Image"},{"type":"select","id":"footer_background_position","label":"Position to Start","options":[{"value":"top left","label":"Top Left"},{"value":"top center","label":"Top Center"},{"value":"top right","label":"Top Right"},{"value":"bottom left","label":"Bottom Left"},{"value":"bottom center","label":"Bottom Center"},{"value":"bottom right","label":"Bottom Right"},{"value":"center center","label":"Center Center"}]},{"type":"select","id":"footer_background_repeat","label":"Repeat","options":[{"value":"no-repeat","label":"None"},{"value":"repeat-x","label":"Horizontally"},{"value":"repeat-y","label":"Vertically"},{"value":"repeat","label":"Vertically & Horizontally"}]},{"type":"select","id":"footer_background_attachment","label":"Attachment","options":[{"value":"scroll","label":"Scroll"},{"value":"fixed","label":"Fixed"}]}]},{"name":"Background » Others","settings":[{"type":"header","content":"Primary Button"},{"type":"select","id":"button_background_background","label":"Background","options":[{"value":"0","label":"None"},{"value":"1","label":"Image"}]},{"type":"image","id":"button_background.png","label":"Upload an Image"},{"type":"header","content":"Secondary Button"},{"type":"select","id":"button2_background_background","label":"Background","options":[{"value":"0","label":"None"},{"value":"1","label":"Image"}]},{"type":"image","id":"button2_background.png","label":"Upload an Image"},{"type":"header","content":"Categories Heading"},{"type":"select","id":"cat_head_background_background","label":"Background","options":[{"value":"0","label":"None"},{"value":"1","label":"Image"}]},{"type":"image","id":"cat_head_background.png","label":"Upload an Image"},{"type":"header","content":"Sale Label"},{"type":"select","id":"sale_background_background","label":"Background","options":[{"value":"0","label":"None"},{"value":"1","label":"Image"}]},{"type":"image","id":"sale_background.png","label":"Upload an Image"},{"type":"header","content":"New Label"},{"type":"select","id":"new_background_background","label":"Background","options":[{"value":"0","label":"None"},{"value":"1","label":"Image"}]},{"type":"image","id":"new_background.png","label":"Upload an Image"}]},{"name":"Header","settings":[{"type":"header","content":"General"},{"type":"select","id":"mmenu_enabled","label":"Header Mobile","options":[{"value":"","label":"Disabled"},{"value":"1","label":"Enabled"}],"default":"1"},{"type":"select","id":"header_type","label":"Type","info":"[How does it look?](\/\/goo.gl\/tPA3AN)","options":[{"value":"1","label":"Type 1"},{"value":"2","label":"Type 2"},{"value":"5","label":"Type 3"},{"value":"6","label":"Type 4"},{"value":"7","label":"Type 5"},{"value":"9","label":"Type 6"},{"value":"11","label":"Type 7"},{"value":"12","label":"Type 8"},{"value":"17","label":"Type 9"},{"value":"20","label":"Type 10"},{"value":"3","label":"Type 11"},{"value":"4","label":"Type 12"},{"value":"8","label":"Type 13"},{"value":"10","label":"Type 14"},{"value":"13","label":"Type 15"},{"value":"14","label":"Type 16"},{"value":"15","label":"Type 17"},{"value":"16","label":"Type 18"},{"value":"18","label":"Type 19"},{"value":"19","label":"Type 20"},{"value":"21","label":"Type 21"},{"value":"22","label":"Type 22"},{"value":"23","label":"Type 23"},{"value":"24","label":"Type 24"},{"value":"25","label":"Type 25"},{"value":"26","label":"Type 26"},{"value":"27","label":"Type 27"},{"value":"28","label":"Type 28"},{"value":"29","label":"Type 29"},{"value":"30","label":"Type 30"},{"value":"31","label":"Type 31"}]},{"type":"select","id":"advanced_header_margin_top","label":"Margin Top","options":[{"value":"","label":"0"},{"value":"20","label":"20 pixels"},{"value":"30","label":"30 pixels"},{"value":"80","label":"80 pixels"}]},{"type":"select","id":"fixed_header","label":"Fixed Header","options":[{"value":"","label":"None"},{"value":"menu","label":"Menu Only"},{"value":"header","label":"Overall Header"}]},{"type":"header","content":"Vertical Menu"},{"type":"checkbox","id":"header_always_show_vermenu","label":"Menu Items Always Visible in Home Page"},{"type":"checkbox","id":"header_always_show_vermenu_cat","label":"Menu Items Always Visible in Collection Page"},{"type":"header","content":"Cart Block"},{"type":"image_picker","id":"icon_cart","label":"Icon"},{"type":"image_picker","id":"icon_cart_hover","label":"Icon Hover"},{"type":"header","content":"Mobile Optimization"},{"type":"select","id":"product_mobile_variant","label":"Mobile Boost","options":[{"value":"1","label":"Enable"},{"value":"0","label":"Disable"}],"default":"1"},{"type":"checkbox","id":"hder_m_reduce","label":"Reduce Spaces"},{"type":"checkbox","id":"hder_m_search_hide","label":"Hide Search"},{"type":"checkbox","id":"hder_m_currency_hide","label":"Hide Currencies"},{"type":"checkbox","id":"hder_m_account_hide","label":"Hide Account"},{"type":"checkbox","id":"hder_m_cart_hide","label":"Hide Cart"}]},{"name":"Top Promotion","settings":[{"type":"header","content":"General"},{"type":"checkbox","id":"tpro_use","label":"Enabled"},{"type":"checkbox","id":"tpro_mobile","label":"Display on Mobile"},{"type":"select","id":"tpro_cls","label":"Layout","options":[{"value":"1","label":"1 Column"},{"value":"2","label":"2 Columns"},{"value":"3","label":"3 Columns"}]},{"type":"header","content":"Content"},{"type":"text","id":"tpro_text_1","label":"Column #1 Text"},{"type":"checkbox","id":"tpro_img_use_1","label":"Icon Used"},{"type":"image","id":"tpro_img_1.png","label":"Column #1 Icon"},{"type":"text","id":"tpro_text_2","label":"Column #2 Text"},{"type":"checkbox","id":"tpro_img_use_2","label":"Icon Used"},{"type":"image","id":"tpro_img_2.png","label":"Column #2 Icon"},{"type":"text","id":"tpro_text_3","label":"Column #3 Text"},{"type":"checkbox","id":"tpro_img_use_3","label":"Icon Used"},{"type":"image","id":"tpro_img_3.png","label":"Column #3 Icon"},{"type":"header","content":"Styling"},{"type":"color","id":"tpro_textcolor","label":"Text Color","default":"#ffffff"},{"type":"color","id":"tpro_bgcolor","label":"Background Color","default":"#000000"},{"type":"select","id":"tpro_sep","label":"Separator Between Columns","options":[{"value":"0","label":"None"},{"value":"1","label":"Solid Line"},{"value":"2","label":"Dotted"}]},{"type":"color","id":"tpro_sepcolor","label":"Separator Color","default":"#ffffff"}]},{"name":"Currencies & Languages","settings":[{"type":"header","content":"General"},{"type":"checkbox","id":"shop_enabled_currencies","label":"Sell in multiple currencies"},{"type":"checkbox","id":"show_multiple_currencies","label":"Enabled Currencies"},{"type":"paragraph","content":"Please note that, Shopify always proceeds orders according to your shop's currency no matter what currency is displayed."},{"type":"checkbox","id":"show_languages","label":"Enabled Languages","default":false},{"type":"paragraph","content":"This requires [RoarTheme Weketing](https:\/\/wiki.roartheme.com\/weketing) to be installed beforehand."},{"type":"header","content":"Currencies & Format"},{"type":"select","id":"currency_format","label":"Format","options":[{"value":"money_format","label":"Without currency ($10.00)"},{"value":"money_with_currency_format","label":"With currency ($10.00 CAD)"}],"default":"money_with_currency_format"},{"type":"text","id":"currency_supported","label":"Supported currencies","default":"INR GBP CAD USD AUD EUR JPY","info":"Use the country's ISO [currency code](http:\/\/www.xe.com\/iso4217.php). Separate your currency codes with a space."},{"type":"text","id":"currency_default","label":"Default currency","default":"USD"},{"type":"checkbox","id":"currency_flag","label":"Show currency flag","default":true},{"type":"checkbox","id":"currency_code","label":"Show currency code","default":true},{"type":"checkbox","id":"currency_auto_switch","label":"Auto switch","info":"The currency will automatically change based on your customer's location.","default":true}]},{"name":"Header Notice","settings":[{"type":"header","content":"General"},{"type":"checkbox","id":"hn_use","label":"Enabled"},{"type":"checkbox","id":"hn_desktop","label":"Show on Desktop"},{"type":"checkbox","id":"hn_mobile","label":"Show on Mobile"},{"type":"checkbox","id":"hn_once","label":"Never Display Again If Closed"},{"type":"header","content":"Content"},{"type":"text","id":"hn_emphasized_text","label":"Emphasized Text","default":"Sale 30%"},{"type":"text","id":"hn_text","label":"Main Text","default":"for all products"},{"type":"text","id":"hn_cta","label":"CTA Button","default":"Click Me"},{"type":"url","id":"hn_cta_url","label":"CTA URL","default":"\/collections\/all"},{"type":"header","content":"Styling"},{"type":"checkbox","id":"hn_center_content","label":"Center Content","default":false},{"type":"color","id":"hn_bc","label":"Background Color","default":"#000000"},{"type":"image_picker","id":"hn_bi","label":"Background Image"},{"type":"color","id":"hn_emphasized_text_c","label":"Emphasized Text Color","default":"#CA302C"},{"type":"color","id":"hn_text_c","label":"Main Text Color","default":"#ffffff"},{"type":"color","id":"hn_cta_c","label":"CTA Color","default":"#000000"},{"type":"color","id":"hn_cta_bc","label":"CTA Background Color","default":"#ffffff"}]},{"name":"Footer","settings":[{"type":"header","content":"Preface Footer"},{"type":"select","id":"footer_custom_layout","label":"Visible In","options":[{"value":"","label":"All Pages"},{"value":"1","label":"Home Page Only"}]},{"type":"text","id":"footer_custom_padding_top","label":"Top Padding (in pixels)"},{"type":"text","id":"footer_custom_padding_bottom","label":"Bottom Padding (in pixels)"},{"type":"header","content":"Main Footer"},{"type":"text","id":"footer_padding_top","label":"Top Padding (in pixels)"},{"type":"text","id":"footer_padding_bottom","label":"Bottom Padding (in pixels)"},{"type":"text","id":"footer_padding_left","label":"Left Padding (percent)"},{"type":"text","id":"footer_padding_right","label":"Right Padding (percent)"},{"type":"header","content":"Main Footer Layout"},{"type":"select","id":"footer_section_top_layout","label":"Footer Top","options":[{"value":"12","label":"Enabled"},{"value":"","label":"Disabled"}]},{"type":"select","id":"footer_section_column_layout","label":"Footer Center Columns","options":[{"value":"4-2-2-2-2","label":"5 Columns (25% - 16% - 16% - 16% - 16%)"},{"value":"3-3-3-3","label":"4 Columns (25% - 25% - 25% - 25%)"},{"value":"4-4-4","label":"3 Columns (33% - 33% - 33%)"},{"value":"3-3-6","label":"3 Columns (25% - 25% - 50%)"},{"value":"3-6-3","label":"3 Columns (25% - 50% - 25%)"},{"value":"6-3-3","label":"3 Columns (50% - 25% - 25%)"},{"value":"6-6","label":"2 Columns (50% - 50%)"},{"value":"6-6_2","label":"2 Columns (50% - 50%) Type 2"},{"value":"12","label":"1 Column (100%)"},{"value":"","label":"Disabled"}],"default":"3-3-3-3"},{"type":"select","id":"footer_section_bottom_layout","label":"Footer Bottom","options":[{"value":"12","label":"Enabled"},{"value":"","label":"Disabled"}]}]},{"name":"Collection Page","settings":[{"type":"select","id":"ctemplate_type","label":"Template","options":[{"value":"","label":"Default"},{"value":"promo","label":"Promotion"}]},{"type":"select","id":"shop_pagination","label":"Shop Pagination","options":[{"value":"","label":"Classic"},{"value":"1","label":"Load More"},{"value":"2","label":"Infinite"}]},{"type":"header","content":"Collection Promotion"},{"type":"checkbox","id":"collection_promo_banner","label":"Banner"},{"type":"checkbox","id":"collection_promo_brand","label":"Our Brands"},{"type":"range","id":"grid_view","min":2,"max":4,"step":1,"label":"Item per row","default":3},{"type":"header","content":"Collection Default"},{"type":"select","id":"collection_background","label":"Background","options":[{"value":"","label":"None"},{"value":"1","label":"Image"}]},{"type":"image","id":"collection_background.png","label":"Upload an Image","max-width":1920},{"type":"select","id":"collection_product_per_pow2","label":"Product Grid Items Per Row","options":[{"value":"2","label":"2"},{"value":"3","label":"3"},{"value":"4","label":"4"},{"value":"5","label":"5"},{"value":"6","label":"6"}]},{"type":"select","id":"collection_product_size","label":"Product Image Quality","options":[{"value":"medium","label":"Medium"},{"value":"large","label":"Large"},{"value":"custom","label":"Custom"}]},{"type":"text","id":"collection_product_img_width","label":"Custom Width"},{"type":"text","id":"collection_product_img_height","label":"Custom Height"},{"type":"select","id":"collection_list_grid","label":"Default Listing","options":[{"value":"0","label":"List"},{"value":"1","label":"Grid"}]},{"type":"select","id":"collection_limit","label":"Items Limit Per Page","options":[{"value":"8","label":"8"},{"value":"12","label":"12"},{"value":"24","label":"24"},{"value":"36","label":"36"},{"value":"48","label":"48"}],"default":"12"}]},{"name":"Collection Sidebar","settings":[{"type":"select","id":"sb_collection_placement","label":"Placement","options":[{"value":"","label":"Disabled"},{"value":"left","label":"Left"},{"value":"right","label":"Right"}]},{"type":"checkbox","id":"sb_collection_mobile","label":"Hide on Mobile"},{"type":"header","content":"Store Collections"},{"type":"checkbox","id":"sb_collection_all","label":"Enabled"},{"type":"text","id":"sb_collection_all_heading","label":"Heading"},{"type":"link_list","id":"sb_collection_all_linklist","label":"Choose a Linklist"},{"type":"header","content":"Featured Products"},{"type":"checkbox","id":"sb_collection_product","label":"Enable"},{"type":"text","id":"sb_collection_product_heading","label":"Heading"},{"type":"collection","id":"sb_collection_product_collection","label":"Choose a Collection"},{"type":"text","id":"sb_collection_product_limit","label":"Limit"},{"type":"header","content":"Link List"},{"type":"checkbox","id":"sb_collection_linklist","label":"Enable"},{"type":"text","id":"sb_collection_linklist_heading","label":"Heading"},{"type":"link_list","id":"sb_collection_linklist_list","label":"Choose a Linklist"},{"type":"header","content":"Custom HTML"},{"type":"checkbox","id":"sb_collection_html","label":"Enable"},{"type":"text","id":"sb_collection_html_heading","label":"Heading"},{"type":"textarea","id":"sb_collection_html_content","label":"Content"}]},{"name":"Collection Filters","settings":[{"type":"paragraph","content":"Please note that the Filters will be disabled if Collection Sidebar is turn off."},{"type":"header","content":"General"},{"type":"checkbox","id":"collection_filtering","label":"Enabled"},{"type":"text","id":"collection_filtering_heading","label":"Heading"},{"type":"header","content":"Filter #1"},{"type":"checkbox","id":"filtering_1","label":"Enabled"},{"type":"checkbox","id":"multi_choice_1","label":"Multiple choices"},{"type":"text","id":"filtering_heading_1","label":"Heading"},{"type":"textarea","id":"filtering_filters_1","label":"Tag Values","info":"Sample: red,blue,green"},{"type":"header","content":"Filter #2"},{"type":"checkbox","id":"filtering_2","label":"Enabled"},{"type":"checkbox","id":"multi_choice_2","label":"Multiple choices"},{"type":"text","id":"filtering_heading_2","label":"Heading"},{"type":"textarea","id":"filtering_filters_2","label":"Tag Values","info":"Sample: red,blue,green"},{"type":"header","content":"Filter #3"},{"type":"checkbox","id":"filtering_3","label":"Enabled"},{"type":"checkbox","id":"multi_choice_3","label":"Multiple choices"},{"type":"text","id":"filtering_heading_3","label":"Heading"},{"type":"textarea","id":"filtering_filters_3","label":"Tag Values","info":"Sample: red,blue,green"},{"type":"header","content":"Filter #4"},{"type":"checkbox","id":"filtering_4","label":"Enabled"},{"type":"checkbox","id":"multi_choice_4","label":"Multiple choices"},{"type":"text","id":"filtering_heading_4","label":"Heading"},{"type":"textarea","id":"filtering_filters_4","label":"Tag Values","info":"Sample: red,blue,green"},{"type":"header","content":"Filter #5"},{"type":"checkbox","id":"filtering_5","label":"Enabled"},{"type":"checkbox","id":"multi_choice_5","label":"Multiple choices"},{"type":"text","id":"filtering_heading_5","label":"Heading"},{"type":"textarea","id":"filtering_filters_5","label":"Tag Values","info":"Sample: red,blue,green"},{"type":"header","content":"Filter #6"},{"type":"checkbox","id":"filtering_6","label":"Enabled"},{"type":"checkbox","id":"multi_choice_6","label":"Multiple choices"},{"type":"text","id":"filtering_heading_6","label":"Heading"},{"type":"textarea","id":"filtering_filters_6","label":"Tag Values","info":"Sample: red,blue,green"},{"type":"header","content":"Filter #7"},{"type":"checkbox","id":"filtering_7","label":"Enabled"},{"type":"checkbox","id":"multi_choice_7","label":"Multiple choices"},{"type":"text","id":"filtering_heading_7","label":"Heading"},{"type":"textarea","id":"filtering_filters_7","label":"Tag Values","info":"Sample: red,blue,green"},{"type":"header","content":"Filter #8"},{"type":"checkbox","id":"filtering_8","label":"Enabled"},{"type":"checkbox","id":"multi_choice_8","label":"Multiple choices"},{"type":"text","id":"filtering_heading_8","label":"Heading"},{"type":"textarea","id":"filtering_filters_8","label":"Tag Values","info":"Sample: red,blue,green"},{"type":"header","content":"Filter #9"},{"type":"checkbox","id":"filtering_9","label":"Enabled"},{"type":"checkbox","id":"multi_choice_9","label":"Multiple choices"},{"type":"text","id":"filtering_heading_9","label":"Heading"},{"type":"textarea","id":"filtering_filters_9","label":"Tag Values","info":"Sample: red,blue,green"},{"type":"header","content":"Filter #10"},{"type":"checkbox","id":"filtering_10","label":"Enabled"},{"type":"checkbox","id":"multi_choice_10","label":"Multiple choices"},{"type":"text","id":"filtering_heading_10","label":"Heading"},{"type":"textarea","id":"filtering_filters_10","label":"Tag Values","info":"Sample: red,blue,green"}]},{"name":"Product Settings","settings":[{"type":"select","id":"product_item_per_row","label":"Columns of Products on Mobile","options":[{"value":"1","label":"1"},{"value":"2","label":"2"}],"default":"2"},{"type":"header","content":"Product Item"},{"type":"select","id":"product_item_type","label":"Style","options":[{"value":"","label":"Default"},{"value":"advanced","label":"Advanced"}]},{"type":"header","content":"Advanced Product Item"},{"type":"paragraph","content":"These settings are for Advanced Product Item style ONLY"},{"type":"select","id":"quickshop_type","label":"Add To Cart Button","options":[{"value":"","label":"Inline with Quick View"},{"value":"advanced","label":"Center"}]},{"type":"select","id":"product_item_advanced_thumb_type","label":"Thumbnail Type","options":[{"value":"","label":"Images"},{"value":"dots","label":"Dots"}],"default":""},{"type":"range","id":"quickshop_image","min":0,"max":5,"step":1,"label":"Thumbnail Amount","default":3},{"type":"header","content":"Image Preferences"},{"type":"select","id":"image_layout","label":"Image Layout","info":"For best results [all product photos should be the same ratio.](https:\/\/help.shopify.com\/manual\/productivity-tools\/image-editor#image-aspect-ratio)","default":"","options":[{"value":"","label":"Disable"},{"value":"1","label":"Square 1:1"},{"value":"075","label":"Portrait 3:4"},{"value":"0667","label":"Portrait 2:3"},{"value":"1333","label":"Landscape 4:3"},{"value":"15","label":"Landscape 3:2"}]},{"type":"checkbox","id":"image_layout_crop","label":"Automatically crop product images","default":true},{"type":"header","content":"General"},{"type":"select","id":"product_sale_badge","label":"Sale Badge","default":"1","options":[{"value":"0","label":"Text"},{"value":"1","label":"Percent"},{"value":"","label":"Disabled"}]},{"type":"checkbox","id":"product_new_badge","label":"Show New Badge","info":"Set tag 'latest' to a product to enable this badge","default":true},{"type":"header","content":"Product Page"},{"type":"select","id":"sticky_cart","label":"Sticky Add To Cart","options":[{"value":"","label":"None"},{"value":"top","label":"Top"},{"value":"bottom","label":"Bottom"}]},{"type":"checkbox","id":"product_hide_breadcrumb","label":"Hide Breabcrumb","default":false},{"type":"checkbox","id":"product_info_status","label":"Show Stock Status","default":false},{"type":"checkbox","id":"product_info_sku","label":"Show Sku","default":false},{"type":"checkbox","id":"product_info_brand","label":"Show Brand","default":false},{"type":"select","id":"product_breadcrumb","label":"Products Navigation Button","options":[{"value":"0","label":"With Product Info"},{"value":"1","label":"Button Only"},{"value":"2","label":"Disabled"}]},{"type":"header","content":"Countdown"},{"type":"select","id":"product_countdown_style","label":"Countdown Style","options":[{"value":"square","label":"Square"},{"value":"circle","label":"Circle"}]},{"type":"color","id":"countdown_bg","label":"Background"},{"type":"header","content":"Focus Settings"},{"type":"select","id":"product_focus","label":"Info Focus","options":[{"value":"","label":"Disabled"},{"value":"1","label":"Enabled"}]},{"type":"color","id":"product_focus_bg","label":"Background"},{"type":"select","id":"product_design","label":"Product Design","options":[{"value":"left","label":"Thumbnails Left"},{"value":"bottom","label":"Thumbnails Bottom"},{"value":"gallery","label":"Image Gallery"},{"value":"full-screen","label":"Image Fullscreen"},{"value":"carousel","label":"Image Carousel"},{"value":"scroll","label":"Stiky Info"},{"value":"sidebar","label":"Sidebar"},{"value":"compact","label":"Compact Style"},{"value":"compact2","label":"Compact Style 2"},{"value":"split","label":"Split Info"},{"value":"simple","label":"Simple"},{"value":"upsell","label":"Upsell"}]},{"type":"select","id":"product_img_width","label":"Main Image Width","options":[{"value":"4","label":"33.33%"},{"value":"5","label":"41.67%"},{"value":"6","label":"50%"},{"value":"7","label":"58.33%"}],"default":"7","info":"Only apply for 'Thumbnails Left' and 'Thumbnails Bottom' on Product Design setting above"},{"type":"select","id":"product_sidebar","label":"Product Sidebar Position","options":[{"value":"","label":"None"},{"value":"left","label":"Left"},{"value":"right","label":"Right"}]},{"type":"select","id":"product_gallery_zoom","label":"Product Gallery Zoom","options":[{"value":"","label":"Disable"},{"value":"1","label":"Enable"}],"default":"1"},{"type":"select","id":"product_lightbox","label":"Lightbox for product images","options":[{"value":"","label":"Disable"},{"value":"1","label":"Enable"}],"default":"1"},{"type":"checkbox","id":"price_range","label":"Show Price Range"},{"type":"range","id":"price_range_fontsize","min":10,"max":70,"step":1,"unit":"px","label":"Price Range FontSize","default":25},{"type":"checkbox","id":"product_social_share","label":"Display Social Share"},{"type":"checkbox","id":"product_question","label":"Enable 'Ask For This Product'"},{"type":"header","content":"Product Page Images"},{"type":"checkbox","id":"variant_image_grouped","label":"Variant Image Grouped","default":false},{"type":"header","content":"Product Page Swatches"},{"type":"checkbox","id":"product_swatch_color_item","label":"Show Color Swatches on Item"},{"type":"checkbox","id":"product_swatch_color","label":"Enable Color Swatches"},{"type":"checkbox","id":"product_swatch_color_advanced","label":"Advanced Color Swatches"},{"type":"checkbox","id":"product_swatch_size","label":"Enable Size Swatches"},{"type":"header","content":"Dynamic Checkout"},{"type":"checkbox","id":"dynamic_checkout","label":"Enabled"},{"type":"header","content":"Product Page Size Chart"},{"type":"checkbox","id":"product_size_chart","label":"Enable"},{"type":"page","id":"product_size_chart_page","label":"Content From"},{"type":"header","content":"Products Grid"},{"type":"select","id":"product_img_fx","label":"Image Hover Effect","options":[{"value":"0","label":"None"},{"value":"1","label":"Swap"},{"value":"2","label":"Zoom"}]},{"type":"checkbox","id":"product_addtocart_show","label":"Show 'Add To Cart'"},{"type":"checkbox","id":"product_quickview_show","label":"Show 'Quick View'"},{"type":"checkbox","id":"product_compare_show","label":"Show 'Compare'","default":true},{"type":"checkbox","id":"product_wishlist_show","label":"Show 'Wishlist'"},{"type":"checkbox","id":"product_countdown_show","label":"Show 'Countdown'"},{"type":"header","content":"Products Grid in Homepage"},{"type":"checkbox","id":"ptabs_hor_show","label":"Show Horizontal Gridlines","default":false},{"type":"checkbox","id":"ptabs_vert_show","label":"Show Vertical Gridlines","default":false},{"type":"checkbox","id":"ptabs_hover_border_show","label":"Show Hover Border","default":false},{"type":"header","content":"Product Tabs"},{"type":"text","id":"product_tab_title_1","label":"Tab 1 Title","default":"Tab Title 1"},{"type":"page","id":"product_tab_content_1","label":"Tab 1 Content"},{"type":"text","id":"product_tab_title_2","label":"Tab 2 Title","default":"Tab Title 2"},{"type":"page","id":"product_tab_content_2","label":"Tab 2 Content"},{"type":"text","id":"product_tab_title_3","label":"Tab 3 Title","default":"Tab Title 3"},{"type":"page","id":"product_tab_content_3","label":"Tab 3 Content"},{"type":"text","id":"product_tab_title_4","label":"Tab 4 Title","default":"Tab Title 4"},{"type":"page","id":"product_tab_content_4","label":"Tab 4 Content"}]},{"name":"Upsell Settings","settings":[{"type":"text","id":"upsell_badge","label":"Badge"},{"type":"header","content":"More Items"},{"type":"text","id":"product_mitems_heading","label":"Heading"},{"type":"link_list","id":"product_mitems_linklist","label":"Choose a linklist"},{"type":"header","content":"Frequently bought together"},{"type":"text","id":"product_grouped_heading","label":"Heading"},{"type":"link_list","id":"product_grouped","label":"Choose a linklist"},{"type":"header","content":"Upsell Products"},{"type":"checkbox","id":"product_bottom_upsell","label":"Enabled"},{"type":"text","id":"product_bottom_upsell_heading","label":"Heading"},{"type":"collection","id":"product_bottom_upsell_collection","label":"Choose Collection"},{"type":"text","id":"product_bottom_upsell_limit","label":"Limit","default":"12"}]},{"name":"Product Bottom Area","settings":[{"type":"header","content":"Banner"},{"type":"checkbox","id":"product_bottom_banner","label":"Enabled"},{"type":"header","content":"Custom HTML"},{"type":"checkbox","id":"product_bottom_html","label":"Enabled"},{"type":"textarea","id":"product_bottom_html_content","label":"Content"},{"type":"header","content":"Related Products"},{"type":"checkbox","id":"product_bottom_related","label":"Enabled"},{"type":"text","id":"product_bottom_related_heading","label":"Heading"},{"type":"text","id":"product_bottom_related_limit","label":"Limit"},{"type":"header","content":"Viewed Products"},{"type":"checkbox","id":"product_bottom_viewed","label":"Enabled"},{"type":"text","id":"product_bottom_viewed_heading","label":"Heading"},{"type":"text","id":"product_bottom_viewed_limit","label":"Limit","default":"12"}]},{"name":"Cart","settings":[{"type":"header","content":"Terms and conditions"},{"type":"checkbox","id":"cart_terms_enable","label":"Enable terms and conditions","default":true},{"type":"page","id":"cart_terms_page","label":"Terms and conditions page"},{"type":"header","content":"Shopping Cart Type"},{"type":"select","id":"shopping_cart_type","label":"Add To Cart","options":[{"value":"direct","label":"Direct Cart"},{"value":"ajax_notify","label":"Notify Cart"},{"value":"ajax_popup","label":"Popup Cart"},{"value":"sidebar","label":"Cart Sidebar"}],"default":"ajax_popup"},{"type":"header","content":"Cart Sidebar"},{"type":"html","id":"cart_sidebar_text","label":"Cart Text"},{"type":"image_picker","id":"cart_sidebar_image","label":"Trust Sale Image"},{"type":"header","content":"Shipping Rates Calculator"},{"type":"select","id":"shipping_calculator","label":"Enable","options":[{"value":"","label":"No"},{"value":"yes","label":"Yes"}]},{"type":"text","id":"shipping_calculator_default_country","label":"Default Country Selection"},{"type":"paragraph","content":"If your customer is logged-in, the country in his default shipping address will be selected. If you are not sure about the spelling to use here, refer to the first checkout page."}]},{"name":"Account Page","settings":[{"type":"header","content":"Sidebar"},{"type":"select","id":"sb_account_placement","label":"Placement","options":[{"value":"","label":"Disabled"},{"value":"left","label":"Left"},{"value":"right","label":"Right"}]},{"type":"checkbox","id":"sb_account_mobile","label":"Hide on Mobile"},{"type":"header","content":"Link List"},{"type":"checkbox","id":"sb_account_linklist","label":"Enabled"},{"type":"link_list","id":"sb_account_linklist_list","label":"Choose a Linklist"},{"type":"header","content":"Banner Image"},{"type":"checkbox","id":"sb_account_banner","label":"Enabled"},{"type":"image","id":"sb_account_banner.png","label":"Upload an Image","max-width":400},{"type":"text","id":"sb_account_banner_link","label":"Banner URL"}]},{"name":"Blog","settings":[{"type":"select","id":"blog_background","label":"Background","options":[{"value":"","label":"None"},{"value":"1","label":"Image"}]},{"type":"image","id":"blog_background.png","label":"Upload an Image","max-width":1920},{"type":"text","id":"blog_pagination_limit","label":"Articles Limit Per Page"},{"type":"select","id":"blog_pagination_type","label":"Pagination Type","options":[{"value":"1","label":"Standard"},{"value":"2","label":"Ajax Loading"}]}]},{"name":"Blog Sidebar","settings":[{"type":"header","content":"General"},{"type":"select","id":"sb_blog_placement","label":"Placement","options":[{"value":"","label":"Disable"},{"value":"left","label":"Left"},{"value":"right","label":"Right"}]},{"type":"checkbox","id":"sb_blog_mobile","label":"Hide on Mobile"},{"type":"header","content":"Link List"},{"type":"checkbox","id":"sb_blog_linklist","label":"Enabled"},{"type":"text","id":"sb_blog_linklist_heading","label":"Heading"},{"type":"link_list","id":"sb_blog_linklist_list","label":"Choose a Linklist"},{"type":"header","content":"Recent Articles"},{"type":"checkbox","id":"sb_blog_recent","label":"Enabled"},{"type":"text","id":"sb_blog_recent_heading","label":"Heading"},{"type":"text","id":"sb_blog_recent_limit","label":"Limit"},{"type":"header","content":"Blog Tags"},{"type":"checkbox","id":"sb_blog_tag","label":"Enabled"},{"type":"text","id":"sb_blog_tag_heading","label":"Heading"},{"type":"header","content":"Custom HTML"},{"type":"checkbox","id":"sb_blog_html","label":"Enabled"},{"type":"text","id":"sb_blog_html_heading","label":"Heading"},{"type":"textarea","id":"sb_blog_html_content","label":"Content"}]},{"name":"Contact Page","settings":[{"type":"header","content":"Google Maps"},{"type":"text","id":"ggm_api_key","label":"Google Map API key"},{"type":"textarea","id":"contact_map_address","label":"Address"},{"type":"text","id":"contact_map_height","label":"Height (in pixels)"},{"type":"header","content":"Contact Info"},{"type":"checkbox","id":"contact_logo","label":"Use Logo"},{"type":"image","id":"contact_logo.png","label":"Upload a Logo"},{"type":"text","id":"contact_address","label":"Address"},{"type":"text","id":"contact_phone","label":"Phone"},{"type":"text","id":"contact_email","label":"Email"},{"type":"checkbox","id":"contact_social","label":"Display Social Icons"}]},{"name":"Social Settings","settings":[{"type":"header","content":"Facebook Fanpage"},{"type":"html","id":"social_facebook_iframe","label":"Iframe Content"},{"type":"header","content":"Twitter"},{"type":"text","id":"social_twitter_username","label":"Username"},{"type":"text","id":"social_twitter_height","label":"Height (in pixels)"},{"type":"header","content":"Instagram"},{"type":"select","id":"social_instagram_layout","label":"Layout","options":[{"value":"default","label":"Default"},{"value":"modern","label":"Modern"}],"default":"modern"},{"type":"text","id":"social_instagram_username","label":"Username"},{"type":"range","id":"social_instagram_limit","label":"Limit","min":1,"max":12,"step":1,"default":12},{"type":"header","content":"Fixed Social Bar"},{"type":"select","id":"social_widget_position","label":"Position","options":[{"value":"right","label":"Right"},{"value":"left","label":"Left"}]},{"type":"checkbox","id":"social_facebook","label":"Show 'Facebook'"},{"type":"checkbox","id":"social_twitter","label":"Show 'Twitter'"},{"type":"checkbox","id":"social_instagram","label":"Show 'Instagram'"},{"type":"checkbox","id":"scroll_top","label":"Include 'Scroll To Top' Button?"},{"type":"header","content":"Social Links"},{"type":"text","id":"social_icon_facebook","label":"Facebook"},{"type":"text","id":"social_icon_twitter","label":"Twitter"},{"type":"text","id":"social_icon_pinterest","label":"Pinterest"},{"type":"text","id":"social_icon_google-plus","label":"Google Plus"},{"type":"text","id":"social_icon_youtube-play","label":"Youtube"},{"type":"text","id":"social_icon_vimeo","label":"Vimeo"},{"type":"text","id":"social_icon_flickr","label":"Flickr"},{"type":"text","id":"social_icon_instagram","label":"Instagram"},{"type":"text","id":"social_icon_tumblr","label":"Tumblr"},{"type":"text","id":"social_icon_behance","label":"Behance"},{"type":"text","id":"social_icon_github","label":"Github"},{"type":"text","id":"social_icon_rss","label":"RSS"}]},{"name":"Extensions","settings":[{"type":"header","content":"Compare"},{"type":"checkbox","id":"compare_enable","label":"Enable","default":true},{"type":"checkbox","label":"Image","id":"compare_image","default":true},{"type":"checkbox","label":"Title","id":"compare_title","default":true},{"type":"checkbox","label":"Price","id":"compare_price","default":true},{"type":"checkbox","label":"Brand","id":"compare_brand","default":true},{"type":"checkbox","label":"Availability","id":"compare_availability","default":true},{"type":"checkbox","label":"Rating","id":"compare_rating","default":true},{"type":"checkbox","label":"Summary","id":"compare_summary","default":true},{"type":"text","label":"Options","id":"compare_options"},{"type":"text","id":"compare_limit","label":"Limit","default":"4"},{"type":"header","content":"Review"},{"type":"checkbox","id":"reviews_enable","label":"Enable","default":true},{"type":"header","content":"Wishlist"},{"type":"checkbox","id":"wishlist_enable","label":"Enable"},{"type":"page","id":"wishlist_page","label":"Wishlist Page"},{"type":"checkbox","id":"wishlist_share","label":"Allow Wishlist Sharing via Email"},{"type":"header","content":"Cookie Notification"},{"type":"checkbox","id":"cookie_enable","label":"Enabled"},{"type":"textarea","id":"cookie_content","label":"Content"},{"type":"checkbox","id":"cookie_background","label":"Display Background Image"},{"type":"image","id":"cookie_background.png","label":"Upload a Background Image","max-width":2000},{"type":"select","id":"cookie_position","label":"Position","options":[{"value":"bottom","label":"Bottom"},{"value":"top","label":"Top"},{"value":"popup","label":"Popup"}]},{"type":"header","content":"MailChimp"},{"type":"checkbox","id":"popup_mailchimp_show","label":"Show Popup"},{"type":"checkbox","id":"popup_mailchimp_sb","label":"Hide Popup on Mobile"},{"type":"select","id":"popup_mailchimp_style","label":"Style","info":"If you choose Bright style, it's recommended that you should use a dark or non-white Background Image","options":[{"value":"style-default","label":"Default"},{"value":"style-bright","label":"Bright"}],"default":"style-default"},{"type":"text","id":"popup_mailchimp_width","label":"Popup Width (in pixels)"},{"type":"text","id":"popup_mailchimp_action","label":"Form Action [( ? )](https:\/\/youtu.be\/ucj6y7Ix6gU):"},{"type":"select","id":"popup_mailchimp_expire","label":"When To Show","options":[{"value":"0","label":"All The Time with 'Do Not Show Again' Option"},{"value":"1","label":"All The Time"},{"value":"2","label":"First Time Only"}]},{"type":"text","id":"popup_mailchimp_period","label":"'Do Not Show Again' Time Period (in days)"},{"type":"text","id":"popup_mailchimp_delay","label":"Popup Delay (in milliseconds)"},{"type":"text","id":"popup_mailchimp_close","label":"Auto Close After (in milliseconds)"},{"type":"color","id":"popup_mailchimp_bgc","label":"Background Color","default":"#6ec4eb"},{"type":"checkbox","id":"popup_mailchimp_bg","label":"Display Background Image"},{"type":"image","id":"popup_mailchimp.png","label":"Upload a Background Image","max-width":1000},{"type":"header","content":"Age Verification"},{"type":"select","id":"age_verification","label":"Enable","options":[{"label":"Yes","value":"1"},{"label":"No","value":""}],"default":""},{"type":"select","id":"enter_date_of_birth","label":"Enter Date Of Birth","options":[{"label":"Yes","value":"1"},{"label":"No","value":""}]},{"type":"range","id":"age_check","min":1,"max":100,"step":1,"label":"Age","default":18},{"type":"html","id":"heading","label":"Heading","default":"Adults only (18+)"},{"type":"html","id":"description","label":"Description","default":"This website contains adult material and is only suitable for those 18 years or older. Click Enter only if you are at least 18 years of age."},{"type":"image_picker","id":"age_check_background","label":"Background"},{"type":"header","content":"Coming Soon"},{"type":"image_picker","id":"coming_logo","label":"Coming Image"},{"type":"html","id":"coming_heading","label":"Heading"},{"type":"html","id":"coming_caption","label":"Caption"},{"type":"text","id":"coming_countdown","label":"CountDown","info":"format MM-DD-YYYY"},{"type":"select","id":"coming_social","label":"Social","options":[{"value":"1","label":"Enabled"},{"value":"","label":"Disabled"}]},{"type":"header","content":"- Styling"},{"type":"image_picker","id":"coming_bg_image","label":"Background Image"},{"type":"color","id":"coming_bg","label":"Background Color"},{"type":"color","id":"coming_heading_color","label":"Heading Color"},{"type":"color","id":"coming_caption_color","label":"Caption Color"},{"type":"color","id":"coming_social_color","label":"Social Color"},{"type":"header","content":"404 Page"},{"type":"image_picker","id":"error_image","label":"Error Image"}]},{"name":"Advanced Settings","settings":[{"type":"paragraph","content":"All of these settings are about the type of each theme element and they are all optional. Making these changes does not affect the theme layout, it just changes the look of the elements. If you are not sure about them, just ignore."},{"type":"header","content":"Image Lazy Loading"},{"type":"checkbox","id":"image_lazy_loading_used","label":"Use Image Lazy Loading","default":false},{"type":"header","content":"Header Components Type"},{"type":"select","id":"advanced_top_bar","label":"Top Bar","options":[{"value":"","label":"Default"},{"value":"2","label":"Type 2"},{"value":"3","label":"Type 3"},{"value":"4","label":"Type 4"}]},{"type":"select","id":"advanced_myaccount","label":"My Account","options":[{"value":"","label":"Default"},{"value":"2","label":"Type 2"},{"value":"3","label":"Type 3"},{"value":"4","label":"Type 4"},{"value":"5","label":"Type 5"}]},{"type":"select","id":"advanced_cart_block","label":"Cart Block","options":[{"value":"","label":"Default"},{"value":"2","label":"Type 2"},{"value":"3","label":"Type 3"},{"value":"4","label":"Type 4"},{"value":"5","label":"Type 5"},{"value":"6","label":"Type 6"},{"value":"7","label":"Type 7"},{"value":"8","label":"Type 8"},{"value":"9","label":"Type 9"},{"value":"10","label":"Type 10"},{"value":"11","label":"Type 11"}]},{"type":"select","id":"advanced_category_box","label":"Category Box","options":[{"value":"","label":"Default"},{"value":"2","label":"Type 2"},{"value":"3","label":"Type 3"},{"value":"4","label":"Type 4"}]},{"type":"select","id":"advanced_megamenu_label","label":"Megamenu Label","options":[{"value":"","label":"Default"},{"value":"2","label":"Type 2"},{"value":"3","label":"Type 3"},{"value":"4","label":"Type 4"},{"value":"5","label":"Type 5"},{"value":"6","label":"Type 6"},{"value":"7","label":"Type 7"}]},{"type":"select","id":"advanced_search","label":"Search","options":[{"value":"","label":"Default"},{"value":"2","label":"Type 2"},{"value":"3","label":"Type 3"},{"value":"4","label":"Type 4"},{"value":"5","label":"Type 5"},{"value":"6","label":"Type 6"},{"value":"7","label":"Type 7"}]},{"type":"select","id":"advanced_megamenu_type","label":"Menu","options":[{"value":"","label":"Default"},{"value":"2","label":"Type 2"},{"value":"3","label":"Type 3"},{"value":"4","label":"Type 4"},{"value":"5","label":"Type 5"},{"value":"6","label":"Type 6"},{"value":"7","label":"Type 7"},{"value":"8","label":"Type 8"},{"value":"9","label":"Type 9"},{"value":"10","label":"Type 10"},{"value":"11","label":"Type 11"},{"value":"12","label":"Type 12"},{"value":"13","label":"Type 13"},{"value":"14","label":"Type 14"},{"value":"15","label":"Type 15"},{"value":"16","label":"Type 16"},{"value":"17","label":"Type 17"},{"value":"18","label":"Type 18"},{"value":"19","label":"Type 19"},{"value":"20","label":"Type 20"},{"value":"21","label":"Type 21"},{"value":"22","label":"Type 22"},{"value":"23","label":"Type 23"},{"value":"24","label":"Type 24"},{"value":"25","label":"Type 25"},{"value":"26","label":"Type 26"},{"value":"27","label":"Type 27"},{"value":"28","label":"Type 28"},{"value":"29","label":"Type 29"},{"value":"30","label":"Type 30"},{"value":"31","label":"Type 31"},{"value":"32","label":"Type 32"},{"value":"33","label":"Type 33"},{"value":"34","label":"Type 34"}]},{"type":"select","id":"advanced_dropdown_menu","label":"Dropdown Menu","options":[{"value":"","label":"Default"},{"value":"2","label":"Type 2"},{"value":"3","label":"Type 3"},{"value":"4","label":"Type 4"},{"value":"5","label":"Type 5"}]},{"type":"select","id":"advanced_prev_next","label":"Navigation Button in Slider","options":[{"value":"","label":"Default"},{"value":"2","label":"Type 2"}]},{"type":"header","content":"Collection Page Components Type"},{"type":"select","id":"advanced_breadcrumb","label":"Breadcrumb","options":[{"value":"","label":"Default"},{"value":"1","label":"Type 1"},{"value":"2","label":"Type 2"},{"value":"3","label":"Type 3"},{"value":"4","label":"Type 4"},{"value":"5","label":"Type 5"},{"value":"6","label":"Type 6"},{"value":"7","label":"Type 7"},{"value":"8","label":"Type 8"},{"value":"9","label":"Type 9"},{"value":"10","label":"Type 10"},{"value":"11","label":"Type 11"}]},{"type":"select","id":"advanced_product_grid","label":"Product Grid","options":[{"value":"","label":"Default"},{"value":"2","label":"Type 2"},{"value":"3","label":"Type 3"},{"value":"4","label":"Type 4"},{"value":"5","label":"Type 5"},{"value":"6","label":"Type 6"},{"value":"7","label":"Type 7"},{"value":"8","label":"Type 8"}]},{"type":"select","id":"advanced_product_list","label":"Product List","options":[{"value":"","label":"Default"},{"value":"2","label":"Type 2"},{"value":"3","label":"Type 3"},{"value":"4","label":"Type 4"}]},{"type":"header","content":"Product Page Components Type"},{"type":"select","id":"advanced_product_page","label":"Product Page","options":[{"value":"","label":"Default"},{"value":"2","label":"Type 2"},{"value":"3","label":"Type 3"}]},{"type":"select","id":"advanced_product_button","label":"Product Button","options":[{"value":"","label":"Default"},{"value":"2","label":"Type 2"},{"value":"3","label":"Type 3"},{"value":"4","label":"Type 4"}]},{"type":"header","content":"Footer"},{"type":"select","id":"advanced_footer","label":"Footer Type","options":[{"value":"","label":"Default"},{"value":"2","label":"Type 2"},{"value":"3","label":"Type 3"},{"value":"4","label":"Type 4"},{"value":"5","label":"Type 5"},{"value":"6","label":"Type 6"},{"value":"7","label":"Type 7"},{"value":"8","label":"Type 8"},{"value":"9","label":"Type 9"},{"value":"10","label":"Type 10"},{"value":"11","label":"Type 11"},{"value":"12","label":"Type 12"},{"value":"13","label":"Type 13"},{"value":"14","label":"Type 14"},{"value":"15","label":"Type 15"},{"value":"16","label":"Type 16"},{"value":"17","label":"Type 17"},{"value":"18","label":"Type 18"},{"value":"19","label":"Type 19"},{"value":"20","label":"Type 20"},{"value":"21","label":"Type 21"},{"value":"22","label":"Type 22"},{"value":"23","label":"Type 23"},{"value":"24","label":"Type 24"},{"value":"25","label":"Type 25"},{"value":"26","label":"Type 26"},{"value":"27","label":"Type 27"}]},{"type":"header","content":"Other Components Type"},{"type":"select","id":"advanced_banner_hover","label":"Banner\/Image Hover Effect","options":[{"value":"","label":"None"},{"value":"1","label":"Effect 1"},{"value":"2","label":"Effect 2"},{"value":"3","label":"Effect 3"},{"value":"4","label":"Effect 4"},{"value":"5","label":"Effect 5"},{"value":"6","label":"Effect 6"},{"value":"7","label":"Effect 7"},{"value":"8","label":"Effect 8"},{"value":"9","label":"Effect 9"},{"value":"10","label":"Effect 10"}]},{"type":"select","id":"advanced_border_width","label":"Border Width in Full-Width Layout","options":[{"value":"","label":"Default"},{"value":"1","label":"100%"}]},{"type":"select","id":"advanced_box","label":"Box Type","options":[{"value":"","label":"Default"},{"value":"2","label":"Type 2"},{"value":"3","label":"Type 3"},{"value":"4","label":"Type 4"},{"value":"5","label":"Type 5"},{"value":"6","label":"Type 6"},{"value":"7","label":"Type 7"},{"value":"8","label":"Type 8"},{"value":"9","label":"Type 9"},{"value":"10","label":"Type 10"},{"value":"11","label":"Type 11"},{"value":"12","label":"Type 12"},{"value":"13","label":"Type 13"},{"value":"14","label":"Type 14"},{"value":"15","label":"Type 15"},{"value":"16","label":"Type 16"},{"value":"17","label":"Type 17"},{"value":"18","label":"Type 18"},{"value":"19","label":"Type 19"}]},{"type":"select","id":"advanced_button","label":"Button Type","options":[{"value":"","label":"Default"},{"value":"2","label":"Type 2"},{"value":"3","label":"Type 3"},{"value":"4","label":"Type 4"},{"value":"5","label":"Type 5"},{"value":"6","label":"Type 6"},{"value":"7","label":"Type 7"},{"value":"8","label":"Type 8"},{"value":"9","label":"Type 9"},{"value":"10","label":"Type 10"},{"value":"11","label":"Type 11"},{"value":"12","label":"Type 12"},{"value":"13","label":"Type 13"},{"value":"14","label":"Type 14"},{"value":"15","label":"Type 15"}]},{"type":"select","id":"advanced_countdown","label":"Countdown Special","options":[{"value":"","label":"Default"},{"value":"2","label":"Type 2"},{"value":"3","label":"Type 3"},{"value":"4","label":"Type 4"},{"value":"5","label":"Type 5"},{"value":"6","label":"Type 6"},{"value":"7","label":"Type 7"},{"value":"8","label":"Type 8"},{"value":"9","label":"Type 9"}]},{"type":"select","id":"advanced_input","label":"Input Type","options":[{"value":"","label":"Default"},{"value":"2","label":"Type 2"},{"value":"3","label":"Type 3"},{"value":"4","label":"Type 4"},{"value":"5","label":"Type 5"},{"value":"6","label":"Type 6"},{"value":"7","label":"Type 7"}]},{"type":"select","id":"advanced_sale_new","label":"Sale Label","options":[{"value":"","label":"Default"},{"value":"2","label":"Type 2"},{"value":"3","label":"Type 3"},{"value":"4","label":"Type 4"},{"value":"5","label":"Type 5"},{"value":"6","label":"Type 6"},{"value":"7","label":"Type 7"},{"value":"8","label":"Type 8"},{"value":"9","label":"Type 9"},{"value":"10","label":"Type 10"}]},{"type":"header","content":"Header Slider"},{"type":"checkbox","id":"slider_overflow","label":"Overflow Mode","info":"This makes the Header Slider overflow on left & right sides a little bit. You have to set Slider Layout as 'Full Width' and Slider Placement as 'Within Container' before used."},{"type":"header","content":"Others"},{"type":"image","id":"newsletter.png","label":"Newsletter Icon"}]}]